順位,レート,ポケモンID_1,ポケモン_1,フォルム_1,タイプ1_1,タイプ2_1,カテゴリー_1,テラスタイプ_1,持ち物_1,ポケモンID_2,ポケモン_2,フォルム_2,タイプ1_2,タイプ2_2,カテゴリー_2,テラスタイプ_2,持ち物_2,ポケモンID_3,ポケモン_3,フォルム_3,タイプ1_3,タイプ2_3,カテゴリー_3,テラスタイプ_3,持ち物_3,ポケモンID_4,ポケモン_4,フォルム_4,タイプ1_4,タイプ2_4,カテゴリー_4,テラスタイプ_4,持ち物_4,ポケモンID_5,ポケモン_5,フォルム_5,タイプ1_5,タイプ2_5,カテゴリー_5,テラスタイプ_5,持ち物_5,ポケモンID_6,ポケモン_6,フォルム_6,タイプ1_6,タイプ2_6,カテゴリー_6,テラスタイプ_6,持ち物_6
1,2564.519,0212-00,ハッサム,,むし,はがね,一般,,ハッサムナイト,0937-00,ソウブレイズ,,ほのお,ゴースト,一般,,きあいのタスキ,0445-00,ガブリアス,,ドラゴン,じめん,一般,,オボンのみ,0670-05,フラエッテ,えいえんのはな,フェアリー,,一般,,フラエッテナイト,0479-02,ロトム,ウォッシュロトム,でんき,みず,一般,,こだわりスカーフ,0121-00,スターミー,,みず,エスパー,一般,,スターミナイト
2,2536.489,0908-00,マスカーニャ,,くさ,あく,一般,,こだわりスカーフ,0655-00,マフォクシー,,ほのお,エスパー,一般,,マフォクシナイト,1018-00,ブリジュラス,,はがね,ドラゴン,一般,,オボンのみ,0445-00,ガブリアス,,ドラゴン,じめん,一般,,きあいのタスキ,0730-00,アシレーヌ,,みず,フェアリー,一般,,たべのこし,0448-00,ルカリオ,,かくとう,はがね,一般,,ルカリオナイト
3,2527.839,0778-00,ミミッキュ,ばけたすがた,ゴースト,フェアリー,一般,,ようせいのハネ,0214-00,ヘラクロス,,むし,かくとう,一般,,ヘラクロスナイト,0503-01,ダイケンキ,ヒスイのすがた,みず,あく,一般,,くろいメガネ,0637-00,ウルガモス,,むし,ほのお,一般,,オボンのみ,0121-00,スターミー,,みず,エスパー,一般,,スターミナイト,0908-00,マスカーニャ,,くさ,あく,一般,,きあいのタスキ
4,2523.048,0450-00,カバルドン,,じめん,,一般,,たべのこし,1018-00,ブリジュラス,,はがね,ドラゴン,一般,,りゅうのキバ,0939-00,ハラバリー,,でんき,,一般,,オボンのみ,0121-00,スターミー,,みず,エスパー,一般,,スターミナイト,0908-00,マスカーニャ,,くさ,あく,一般,,こだわりスカーフ,0970-00,キラフロル,,いわ,どく,一般,,キラフロルナイト
5,2520.104,0428-00,ミミロップ,,ノーマル,,一般,,ミミロップナイト,0475-00,エルレイド,,エスパー,かくとう,一般,,こだわりスカーフ,0130-00,ギャラドス,,みず,ひこう,一般,,たべのこし,0681-00,ギルガルド,シールドフォルム,はがね,ゴースト,一般,,のろいのおふだ,0450-00,カバルドン,,じめん,,一般,,オボンのみ,0970-00,キラフロル,,いわ,どく,一般,,キラフロルナイト
7,2515.462,0655-00,マフォクシー,,ほのお,エスパー,一般,,マフォクシナイト,0450-00,カバルドン,,じめん,,一般,,オボンのみ,1018-00,ブリジュラス,,はがね,ドラゴン,一般,,たべのこし,0908-00,マスカーニャ,,くさ,あく,一般,,こだわりスカーフ,0778-00,ミミッキュ,ばけたすがた,ゴースト,フェアリー,一般,,ラムのみ,0970-00,キラフロル,,いわ,どく,一般,,きあいのタスキ
8,2514.789,0149-00,カイリュー,,ドラゴン,ひこう,一般,,ラムのみ,0003-00,フシギバナ,,くさ,どく,一般,,フシギバナイト,0983-00,ドドゲザン,,あく,はがね,一般,,オボンのみ,0730-00,アシレーヌ,,みず,フェアリー,一般,,こだわりスカーフ,0937-00,ソウブレイズ,,ほのお,ゴースト,一般,,きあいのタスキ,0658-00,ゲッコウガ,,みず,あく,一般,,ゲッコウガナイト
9,2512.524,0154-00,メガニウム,,くさ,,一般,,メガニウムナイト,0503-01,ダイケンキ,ヒスイのすがた,みず,あく,一般,,きあいのタスキ,0450-00,カバルドン,,じめん,,一般,,オボンのみ,0902-00,イダイトウ,オスのすがた,みず,ゴースト,一般,,のろいのおふだ,0983-00,ドドゲザン,,あく,はがね,一般,,ラムのみ,0127-00,カイロス,,むし,,一般,,カイロスナイト
10,2509.121,0655-00,マフォクシー,,ほのお,エスパー,一般,,マフォクシナイト,0908-00,マスカーニャ,,くさ,あく,一般,,こだわりスカーフ,0778-00,ミミッキュ,ばけたすがた,ゴースト,フェアリー,一般,,ラムのみ,0970-00,キラフロル,,いわ,どく,一般,,きあいのタスキ,0450-00,カバルドン,,じめん,,一般,,オボンのみ,1018-00,ブリジュラス,,はがね,ドラゴン,一般,,たべのこし
12,2504.353,0154-00,メガニウム,,くさ,,一般,,メガニウムナイト,1018-00,ブリジュラス,,はがね,ドラゴン,一般,,オボンのみ,0902-00,イダイトウ,オスのすがた,みず,ゴースト,一般,,こだわりスカーフ,0428-00,ミミロップ,,ノーマル,,一般,,ミミロップナイト,0911-00,ラウドボーン,,ほのお,ゴースト,一般,,たべのこし,0445-00,ガブリアス,,ドラゴン,じめん,一般,,ラムのみ
15,2483.405,0445-00,ガブリアス,,ドラゴン,じめん,一般,,オボンのみ,1018-00,ブリジュラス,,はがね,ドラゴン,一般,,こだわりスカーフ,0130-00,ギャラドス,,みず,ひこう,一般,,ギャラドスナイト,0778-00,ミミッキュ,ばけたすがた,ゴースト,フェアリー,一般,,ピントレンズ,0003-00,フシギバナ,,くさ,どく,一般,,フシギバナイト,0637-00,ウルガモス,,むし,ほのお,一般,,きあいのタスキ
17,2478.701,0448-00,ルカリオ,,かくとう,はがね,一般,,ルカリオナイト,0670-05,フラエッテ,えいえんのはな,フェアリー,,一般,,きあいのタスキ,0479-02,ロトム,ウォッシュロトム,でんき,みず,一般,,たべのこし,0445-00,ガブリアス,,ドラゴン,じめん,一般,,こだわりスカーフ,0637-00,ウルガモス,,むし,ほのお,一般,,オボンのみ,0130-00,ギャラドス,,みず,ひこう,一般,,ギャラドスナイト
20,2463.660,0655-00,マフォクシー,,ほのお,エスパー,一般,,マフォクシナイト,0778-00,ミミッキュ,ばけたすがた,ゴースト,フェアリー,一般,,のろいのおふだ,0730-00,アシレーヌ,,みず,フェアリー,一般,,オボンのみ,0428-00,ミミロップ,,ノーマル,,一般,,ミミロップナイト,0970-00,キラフロル,,いわ,どく,一般,,きあいのタスキ,1018-00,ブリジュラス,,はがね,ドラゴン,一般,,たべのこし
24,2457.253,0149-00,カイリュー,,ドラゴン,ひこう,一般,,カイリュナイト,0970-00,キラフロル,,いわ,どく,一般,,きあいのタスキ,0450-00,カバルドン,,じめん,,一般,,オボンのみ,0908-00,マスカーニャ,,くさ,あく,一般,,こだわりスカーフ,0681-00,ギルガルド,シールドフォルム,はがね,ゴースト,一般,,たべのこし,0902-00,イダイトウ,オスのすがた,みず,ゴースト,一般,,しんぴのしずく
28,2446.578,0006-00,リザードン,,ほのお,ひこう,一般,,リザードナイトＹ,1018-00,ブリジュラス,,はがね,ドラゴン,一般,,ヨプのみ,0121-00,スターミー,,みず,エスパー,一般,,スターミナイト,0473-00,マンムー,,こおり,じめん,一般,,きあいのタスキ,0778-00,ミミッキュ,ばけたすがた,ゴースト,フェアリー,一般,,ラムのみ,0730-00,アシレーヌ,,みず,フェアリー,一般,,オボンのみ
32,2436.712,0670-05,フラエッテ,えいえんのはな,フェアリー,,一般,,フラエッテナイト,0823-00,アーマーガア,,ひこう,はがね,一般,,たべのこし,0748-00,ドヒドイデ,,どく,みず,一般,,持ち物なし,0445-00,ガブリアス,,ドラゴン,じめん,一般,,こだわりスカーフ,0503-01,ダイケンキ,ヒスイのすがた,みず,あく,一般,,ラムのみ,0655-00,マフォクシー,,ほのお,エスパー,一般,,マフォクシナイト
33,2428.057,0154-00,メガニウム,,くさ,,一般,,メガニウムナイト,0635-00,サザンドラ,,あく,ドラゴン,一般,,こだわりスカーフ,0681-00,ギルガルド,シールドフォルム,はがね,ゴースト,一般,,のろいのおふだ,0450-00,カバルドン,,じめん,,一般,,たべのこし,0970-00,キラフロル,,いわ,どく,一般,,キラフロルナイト,0130-00,ギャラドス,,みず,ひこう,一般,,オボンのみ
35,2422.626,0149-00,カイリュー,,ドラゴン,ひこう,一般,,カイリュナイト,0450-00,カバルドン,,じめん,,一般,,オボンのみ,0428-00,ミミロップ,,ノーマル,,一般,,ミミロップナイト,0637-00,ウルガモス,,むし,ほのお,一般,,ラムのみ,0681-00,ギルガルド,シールドフォルム,はがね,ゴースト,一般,,たべのこし,0503-01,ダイケンキ,ヒスイのすがた,みず,あく,一般,,くろいメガネ
37,2420.576,0748-00,ドヒドイデ,,どく,みず,一般,,たべのこし,0227-00,エアームド,,はがね,ひこう,一般,,オボンのみ,0655-00,マフォクシー,,ほのお,エスパー,一般,,マフォクシナイト,0983-00,ドドゲザン,,あく,はがね,一般,,きあいのタスキ,0445-00,ガブリアス,,ドラゴン,じめん,一般,,こだわりスカーフ,1018-00,ブリジュラス,,はがね,ドラゴン,一般,,しろいハーブ
41,2416.846,0655-00,マフォクシー,,ほのお,エスパー,一般,,マフォクシナイト,0197-00,ブラッキー,,あく,,一般,,たべのこし,0970-00,キラフロル,,いわ,どく,一般,,きあいのタスキ,0748-00,ドヒドイデ,,どく,みず,一般,,オボンのみ,0778-00,ミミッキュ,ばけたすがた,ゴースト,フェアリー,一般,,こだわりスカーフ,0445-00,ガブリアス,,ドラゴン,じめん,一般,,カゴのみ
43,2414.338,0445-00,ガブリアス,,ドラゴン,じめん,一般,,きあいのタスキ,0130-00,ギャラドス,,みず,ひこう,一般,,ギャラドスナイト,0670-05,フラエッテ,えいえんのはな,フェアリー,,一般,,フラエッテナイト,0637-00,ウルガモス,,むし,ほのお,一般,,ラムのみ,0778-00,ミミッキュ,ばけたすがた,ゴースト,フェアリー,一般,,ようせいのハネ,0212-00,ハッサム,,むし,はがね,一般,,オボンのみ
45,2413.692,0071-00,ウツボット,,くさ,どく,一般,,ウツボットナイト,0445-00,ガブリアス,,ドラゴン,じめん,一般,,ひかりのこな,0197-00,ブラッキー,,あく,,一般,,たべのこし,0956-00,クエスパトラ,,エスパー,,一般,,オボンのみ,1018-00,ブリジュラス,,はがね,ドラゴン,一般,,ラムのみ,0748-00,ドヒドイデ,,どく,みず,一般,,持ち物なし
46,2412.503,0823-00,アーマーガア,,ひこう,はがね,一般,,たべのこし,0428-00,ミミロップ,,ノーマル,,一般,,ミミロップナイト,0094-00,ゲンガー,,ゴースト,どく,一般,,きあいのタスキ,1018-00,ブリジュラス,,はがね,ドラゴン,一般,,オボンのみ,0902-00,イダイトウ,オスのすがた,みず,ゴースト,一般,,こだわりスカーフ,0154-00,メガニウム,,くさ,,一般,,メガニウムナイト
47,2411.755,0428-00,ミミロップ,,ノーマル,,一般,,ミミロップナイト,0038-01,キュウコン,アローラのすがた,こおり,フェアリー,一般,,とけないこおり,0445-00,ガブリアス,,ドラゴン,じめん,一般,,オボンのみ,0902-00,イダイトウ,オスのすがた,みず,ゴースト,一般,,こだわりスカーフ,0009-00,カメックス,,みず,,一般,,カメックスナイト,0937-00,ソウブレイズ,,ほのお,ゴースト,一般,,きあいのタスキ
48,2411.191,0428-00,ミミロップ,,ノーマル,,一般,,ミミロップナイト,0658-00,ゲッコウガ,,みず,あく,一般,,きあいのタスキ,0778-00,ミミッキュ,ばけたすがた,ゴースト,フェアリー,一般,,ようせいのハネ,0479-02,ロトム,ウォッシュロトム,でんき,みず,一般,,カゴのみ,1018-00,ブリジュラス,,はがね,ドラゴン,一般,,オボンのみ,0450-00,カバルドン,,じめん,,一般,,たべのこし
50,2409.597,0637-00,ウルガモス,,むし,ほのお,一般,,イトケのみ,0635-00,サザンドラ,,あく,ドラゴン,一般,,きあいのタスキ,0700-00,ニンフィア,,フェアリー,,一般,,たべのこし,0009-00,カメックス,,みず,,一般,,カメックスナイト,0681-00,ギルガルド,シールドフォルム,はがね,ゴースト,一般,,のろいのおふだ,0227-00,エアームド,,はがね,ひこう,一般,,エアームドナイト
52,2408.863,0450-00,カバルドン,,じめん,,一般,,たべのこし,0428-00,ミミロップ,,ノーマル,,一般,,ミミロップナイト,0730-00,アシレーヌ,,みず,フェアリー,一般,,オボンのみ,0970-00,キラフロル,,いわ,どく,一般,,キラフロルナイト,0908-00,マスカーニャ,,くさ,あく,一般,,こだわりスカーフ,0445-00,ガブリアス,,ドラゴン,じめん,一般,,きあいのタスキ
53,2408.738,0009-00,カメックス,,みず,,一般,,カメックスナイト,0902-00,イダイトウ,オスのすがた,みず,ゴースト,一般,,しんぴのしずく,0778-00,ミミッキュ,ばけたすがた,ゴースト,フェアリー,一般,,のろいのおふだ,0445-00,ガブリアス,,ドラゴン,じめん,一般,,きあいのタスキ,0212-00,ハッサム,,むし,はがね,一般,,ハッサムナイト,0903-00,オオニューラ,,かくとう,どく,一般,,こだわりスカーフ
54,2407.491,0428-00,ミミロップ,,ノーマル,,一般,,ミミロップナイト,0445-00,ガブリアス,,ドラゴン,じめん,一般,,こだわりスカーフ,0902-00,イダイトウ,オスのすがた,みず,ゴースト,一般,,しんぴのしずく,0778-00,ミミッキュ,ばけたすがた,ゴースト,フェアリー,一般,,ピントレンズ,0094-00,ゲンガー,,ゴースト,どく,一般,,ゲンガナイト,0479-02,ロトム,ウォッシュロトム,でんき,みず,一般,,カゴのみ
58,2406.844,0450-00,カバルドン,,じめん,,一般,,たべのこし,0670-05,フラエッテ,えいえんのはな,フェアリー,,一般,,フラエッテナイト,0445-00,ガブリアス,,ドラゴン,じめん,一般,,ラムのみ,1018-00,ブリジュラス,,はがね,ドラゴン,一般,,オボンのみ,0655-00,マフォクシー,,ほのお,エスパー,一般,,マフォクシナイト,0908-00,マスカーニャ,,くさ,あく,一般,,きあいのタスキ
62,2406.216,0450-00,カバルドン,,じめん,,一般,,オボンのみ,0006-00,リザードン,,ほのお,ひこう,一般,,リザードナイトＸ,0503-01,ダイケンキ,ヒスイのすがた,みず,あく,一般,,くろいメガネ,0212-00,ハッサム,,むし,はがね,一般,,ハッサムナイト,1018-00,ブリジュラス,,はがね,ドラゴン,一般,,しろいハーブ,0730-00,アシレーヌ,,みず,フェアリー,一般,,ようせいのハネ
64,2405.926,0115-00,ガルーラ,,ノーマル,,一般,,ガルーラナイト,0094-00,ゲンガー,,ゴースト,どく,一般,,きあいのタスキ,1018-00,ブリジュラス,,はがね,ドラゴン,一般,,しろいハーブ,0778-00,ミミッキュ,ばけたすがた,ゴースト,フェアリー,一般,,こだわりスカーフ,0637-00,ウルガモス,,むし,ほのお,一般,,ラムのみ,0121-00,スターミー,,みず,エスパー,一般,,スターミナイト
65,2404.577,1018-00,ブリジュラス,,はがね,ドラゴン,一般,,しろいハーブ,0637-00,ウルガモス,,むし,ほのお,一般,,たべのこし,0009-00,カメックス,,みず,,一般,,カメックスナイト,0658-00,ゲッコウガ,,みず,あく,一般,,きあいのタスキ,0778-00,ミミッキュ,ばけたすがた,ゴースト,フェアリー,一般,,ようせいのハネ,0212-00,ハッサム,,むし,はがね,一般,,ハッサムナイト
66,2404.568,0094-00,ゲンガー,,ゴースト,どく,一般,,ゲンガナイト,0149-00,カイリュー,,ドラゴン,ひこう,一般,,カイリュナイト,0445-00,ガブリアス,,ドラゴン,じめん,一般,,こだわりスカーフ,0730-00,アシレーヌ,,みず,フェアリー,一般,,オボンのみ,0778-00,ミミッキュ,ばけたすがた,ゴースト,フェアリー,一般,,ラムのみ,0823-00,アーマーガア,,ひこう,はがね,一般,,たべのこし
67,2404.463,0448-00,ルカリオ,,かくとう,はがね,一般,,ルカリオナイト,0450-00,カバルドン,,じめん,,一般,,オボンのみ,0730-00,アシレーヌ,,みず,フェアリー,一般,,しんぴのしずく,0681-00,ギルガルド,シールドフォルム,はがね,ゴースト,一般,,きあいのタスキ,0903-00,オオニューラ,,かくとう,どく,一般,,しろいハーブ,0130-00,ギャラドス,,みず,ひこう,一般,,ギャラドスナイト
68,2404.203,0450-00,カバルドン,,じめん,,一般,,オボンのみ,1018-00,ブリジュラス,,はがね,ドラゴン,一般,,たべのこし,0670-05,フラエッテ,えいえんのはな,フェアリー,,一般,,フラエッテナイト,0778-00,ミミッキュ,ばけたすがた,ゴースト,フェアリー,一般,,ようせいのハネ,0908-00,マスカーニャ,,くさ,あく,一般,,くろいメガネ,0902-00,イダイトウ,オスのすがた,みず,ゴースト,一般,,こだわりスカーフ
71,2402.876,0584-00,バイバニラ,,こおり,,一般,,とけないこおり,0475-00,エルレイド,,エスパー,かくとう,一般,,ピントレンズ,0902-00,イダイトウ,オスのすがた,みず,ゴースト,一般,,きあいのタスキ,0009-00,カメックス,,みず,,一般,,カメックスナイト,1018-00,ブリジュラス,,はがね,ドラゴン,一般,,ヨプのみ,0530-00,ドリュウズ,,じめん,はがね,一般,,ドリュウズナイト
75,2402.101,0282-00,サーナイト,,エスパー,フェアリー,一般,,こだわりスカーフ,0635-00,サザンドラ,,あく,ドラゴン,一般,,ラムのみ,0428-00,ミミロップ,,ノーマル,,一般,,ミミロップナイト,0823-00,アーマーガア,,ひこう,はがね,一般,,たべのこし,0655-00,マフォクシー,,ほのお,エスパー,一般,,マフォクシナイト,0445-00,ガブリアス,,ドラゴン,じめん,一般,,きあいのタスキ
77,2400.900,0428-00,ミミロップ,,ノーマル,,一般,,ミミロップナイト,0036-00,ピクシー,,フェアリー,,一般,,ピクシナイト,0445-00,ガブリアス,,ドラゴン,じめん,一般,,ハバンのみ,0823-00,アーマーガア,,ひこう,はがね,一般,,たべのこし,0937-00,ソウブレイズ,,ほのお,ゴースト,一般,,きあいのタスキ,1018-00,ブリジュラス,,はがね,ドラゴン,一般,,オボンのみ
81,2400.506,0149-00,カイリュー,,ドラゴン,ひこう,一般,,カイリュナイト,0212-00,ハッサム,,むし,はがね,一般,,ハッサムナイト,0450-00,カバルドン,,じめん,,一般,,オボンのみ,0658-00,ゲッコウガ,,みず,あく,一般,,きあいのタスキ,0730-00,アシレーヌ,,みず,フェアリー,一般,,ラムのみ,0635-00,サザンドラ,,あく,ドラゴン,一般,,こだわりスカーフ
82,2400.026,0149-00,カイリュー,,ドラゴン,ひこう,一般,,カイリュナイト,0445-00,ガブリアス,,ドラゴン,じめん,一般,,きあいのタスキ,0130-00,ギャラドス,,みず,ひこう,一般,,ギャラドスナイト,0212-00,ハッサム,,むし,はがね,一般,,メタルコート,0450-00,カバルドン,,じめん,,一般,,オボンのみ,0902-00,イダイトウ,オスのすがた,みず,ゴースト,一般,,こだわりスカーフ
83,2399.949,0908-00,マスカーニャ,,くさ,あく,一般,,きあいのタスキ,0445-00,ガブリアス,,ドラゴン,じめん,一般,,こだわりスカーフ,0006-00,リザードン,,ほのお,ひこう,一般,,リザードナイトＹ,0197-00,ブラッキー,,あく,,一般,,たべのこし,0681-00,ギルガルド,シールドフォルム,はがね,ゴースト,一般,,のろいのおふだ,0121-00,スターミー,,みず,エスパー,一般,,スターミナイト
84,2399.679,0701-00,ルチャブル,,かくとう,ひこう,一般,,オボンのみ,0036-00,ピクシー,,フェアリー,,一般,,ピクシナイト,0637-00,ウルガモス,,むし,ほのお,一般,,きあいのタスキ,0983-00,ドドゲザン,,あく,はがね,一般,,くろいメガネ,0902-00,イダイトウ,オスのすがた,みず,ゴースト,一般,,のろいのおふだ,0445-00,ガブリアス,,ドラゴン,じめん,一般,,りゅうのキバ
85,2397.706,0006-00,リザードン,,ほのお,ひこう,一般,,リザードナイトＸ,0670-05,フラエッテ,えいえんのはな,フェアリー,,一般,,フラエッテナイト,0503-01,ダイケンキ,ヒスイのすがた,みず,あく,一般,,きあいのタスキ,0584-00,バイバニラ,,こおり,,一般,,とけないこおり,0445-00,ガブリアス,,ドラゴン,じめん,一般,,こだわりスカーフ,0956-00,クエスパトラ,,エスパー,,一般,,たべのこし
86,2397.402,0094-00,ゲンガー,,ゴースト,どく,一般,,ゲンガナイト,0428-00,ミミロップ,,ノーマル,,一般,,ミミロップナイト,0902-00,イダイトウ,オスのすがた,みず,ゴースト,一般,,しんぴのしずく,1018-00,ブリジュラス,,はがね,ドラゴン,一般,,りゅうのキバ,0445-00,ガブリアス,,ドラゴン,じめん,一般,,こだわりスカーフ,0197-00,ブラッキー,,あく,,一般,,たべのこし
91,2393.713,0003-00,フシギバナ,,くさ,どく,一般,,フシギバナイト,0036-00,ピクシー,,フェアリー,,一般,,たべのこし,0681-00,ギルガルド,シールドフォルム,はがね,ゴースト,一般,,のろいのおふだ,0635-00,サザンドラ,,あく,ドラゴン,一般,,こだわりスカーフ,0059-01,ウインディ,ヒスイのすがた,ほのお,いわ,一般,,オボンのみ,0479-02,ロトム,ウォッシュロトム,でんき,みず,一般,,カゴのみ
93,2391.086,0071-00,ウツボット,,くさ,どく,一般,,ウツボットナイト,0730-00,アシレーヌ,,みず,フェアリー,一般,,オボンのみ,0149-00,カイリュー,,ドラゴン,ひこう,一般,,カイリュナイト,0445-00,ガブリアス,,ドラゴン,じめん,一般,,きあいのタスキ,0681-00,ギルガルド,シールドフォルム,はがね,ゴースト,一般,,たべのこし,0908-00,マスカーニャ,,くさ,あく,一般,,こだわりスカーフ
96,2388.024,0428-00,ミミロップ,,ノーマル,,一般,,ミミロップナイト,0503-01,ダイケンキ,ヒスイのすがた,みず,あく,一般,,くろいメガネ,0199-01,ヤドキング,ガラルのすがた,どく,エスパー,一般,,たべのこし,0445-00,ガブリアス,,ドラゴン,じめん,一般,,きあいのタスキ,0450-00,カバルドン,,じめん,,一般,,オボンのみ,0006-00,リザードン,,ほのお,ひこう,一般,,リザードナイトＹ
107,2373.005,0652-00,ブリガロン,,くさ,かくとう,一般,,ブリガロナイト,0080-00,ヤドラン,,みず,エスパー,一般,,ヤドランナイト,0143-00,カビゴン,,ノーマル,,一般,,たべのこし,0911-00,ラウドボーン,,ほのお,ゴースト,一般,,メンタルハーブ,0748-00,ドヒドイデ,,どく,みず,一般,,オボンのみ,0036-00,ピクシー,,フェアリー,,一般,,ピクシナイト
111,2367.249,0445-00,ガブリアス,,ドラゴン,じめん,一般,,こだわりスカーフ,0681-00,ギルガルド,シールドフォルム,はがね,ゴースト,一般,,ラムのみ,0149-00,カイリュー,,ドラゴン,ひこう,一般,,カイリュナイト,1018-00,ブリジュラス,,はがね,ドラゴン,一般,,たべのこし,0908-00,マスカーニャ,,くさ,あく,一般,,きあいのタスキ,0670-05,フラエッテ,えいえんのはな,フェアリー,,一般,,フラエッテナイト
116,2364.900,0115-00,ガルーラ,,ノーマル,,一般,,ガルーラナイト,0445-00,ガブリアス,,ドラゴン,じめん,一般,,ラムのみ,0670-05,フラエッテ,えいえんのはな,フェアリー,,一般,,フラエッテナイト,0635-00,サザンドラ,,あく,ドラゴン,一般,,こだわりスカーフ,0681-00,ギルガルド,シールドフォルム,はがね,ゴースト,一般,,のろいのおふだ,0450-00,カバルドン,,じめん,,一般,,たべのこし
117,2364.226,0282-00,サーナイト,,エスパー,フェアリー,一般,,サーナイトナイト,0428-00,ミミロップ,,ノーマル,,一般,,ミミロップナイト,0730-00,アシレーヌ,,みず,フェアリー,一般,,たべのこし,0445-00,ガブリアス,,ドラゴン,じめん,一般,,こだわりスカーフ,0937-00,ソウブレイズ,,ほのお,ゴースト,一般,,きあいのタスキ,1018-00,ブリジュラス,,はがね,ドラゴン,一般,,オボンのみ
121,2361.021,0428-00,ミミロップ,,ノーマル,,一般,,ミミロップナイト,0121-00,スターミー,,みず,エスパー,一般,,スターミナイト,0681-00,ギルガルド,シールドフォルム,はがね,ゴースト,一般,,のろいのおふだ,0635-00,サザンドラ,,あく,ドラゴン,一般,,ラムのみ,0911-00,ラウドボーン,,ほのお,ゴースト,一般,,オボンのみ,0036-00,ピクシー,,フェアリー,,一般,,たべのこし
123,2358.025,0655-00,マフォクシー,,ほのお,エスパー,一般,,マフォクシナイト,0071-00,ウツボット,,くさ,どく,一般,,ウツボットナイト,0902-00,イダイトウ,オスのすがた,みず,ゴースト,一般,,きあいのタスキ,0143-00,カビゴン,,ノーマル,,一般,,ヨプのみ,1018-00,ブリジュラス,,はがね,ドラゴン,一般,,りゅうのキバ,0730-00,アシレーヌ,,みず,フェアリー,一般,,オボンのみ
131,2351.522,0006-00,リザードン,,ほのお,ひこう,一般,,リザードナイトＹ,0970-00,キラフロル,,いわ,どく,一般,,きあいのタスキ,0445-00,ガブリアス,,ドラゴン,じめん,一般,,オボンのみ,0670-05,フラエッテ,えいえんのはな,フェアリー,,一般,,フラエッテナイト,0902-00,イダイトウ,オスのすがた,みず,ゴースト,一般,,こだわりスカーフ,0983-00,ドドゲザン,,あく,はがね,一般,,くろいメガネ
143,2346.455,0445-00,ガブリアス,,ドラゴン,じめん,一般,,きあいのタスキ,0983-00,ドドゲザン,,あく,はがね,一般,,くろいメガネ,0094-00,ゲンガー,,ゴースト,どく,一般,,ゲンガナイト,0655-00,マフォクシー,,ほのお,エスパー,一般,,マフォクシナイト,0730-00,アシレーヌ,,みず,フェアリー,一般,,たべのこし,0823-00,アーマーガア,,ひこう,はがね,一般,,オボンのみ
144,2346.443,0006-00,リザードン,,ほのお,ひこう,一般,,リザードナイトＹ,0450-00,カバルドン,,じめん,,一般,,オボンのみ,0448-00,ルカリオ,,かくとう,はがね,一般,,ルカリオナイト,0778-00,ミミッキュ,ばけたすがた,ゴースト,フェアリー,一般,,のろいのおふだ,0730-00,アシレーヌ,,みず,フェアリー,一般,,たべのこし,0445-00,ガブリアス,,ドラゴン,じめん,一般,,きあいのタスキ
147,2344.811,0121-00,スターミー,,みず,エスパー,一般,,スターミナイト,0450-00,カバルドン,,じめん,,一般,,たべのこし,0939-00,ハラバリー,,でんき,,一般,,オボンのみ,0282-00,サーナイト,,エスパー,フェアリー,一般,,ようせいのハネ,0635-00,サザンドラ,,あく,ドラゴン,一般,,こだわりスカーフ,0142-00,プテラ,,いわ,ひこう,一般,,プテラナイト
151,2343.475,0450-00,カバルドン,,じめん,,一般,,オボンのみ,0149-00,カイリュー,,ドラゴン,ひこう,一般,,カイリュナイト,0681-00,ギルガルド,シールドフォルム,はがね,ゴースト,一般,,たべのこし,0908-00,マスカーニャ,,くさ,あく,一般,,こだわりスカーフ,0658-00,ゲッコウガ,,みず,あく,一般,,ゲッコウガナイト,0670-05,フラエッテ,えいえんのはな,フェアリー,,一般,,フラエッテナイト
166,2340.079,0530-00,ドリュウズ,,じめん,はがね,一般,,ドリュウズナイト,0658-00,ゲッコウガ,,みず,あく,一般,,ゲッコウガナイト,0637-00,ウルガモス,,むし,ほのお,一般,,きあいのタスキ,0038-01,キュウコン,アローラのすがた,こおり,フェアリー,一般,,こだわりスカーフ,0149-00,カイリュー,,ドラゴン,ひこう,一般,,ラムのみ,0121-00,スターミー,,みず,エスパー,一般,,スターミナイト
168,2339.676,0450-00,カバルドン,,じめん,,一般,,オボンのみ,0681-00,ギルガルド,シールドフォルム,はがね,ゴースト,一般,,たべのこし,0149-00,カイリュー,,ドラゴン,ひこう,一般,,カイリュナイト,0730-00,アシレーヌ,,みず,フェアリー,一般,,カゴのみ,0428-00,ミミロップ,,ノーマル,,一般,,ミミロップナイト,0908-00,マスカーニャ,,くさ,あく,一般,,こだわりスカーフ
169,2339.668,0516-00,ヒヤッキー,,みず,,一般,,ゴルーグナイト,0952-00,スコヴィラン,,くさ,ほのお,一般,,たべのこし,0036-00,ピクシー,,フェアリー,,一般,,ピクシナイト,0130-00,ギャラドス,,みず,ひこう,一般,,ギャラドスナイト,0908-00,マスカーニャ,,くさ,あく,一般,,でんきだま,0970-00,キラフロル,,いわ,どく,一般,,きあいのタスキ
175,2338.697,0149-00,カイリュー,,ドラゴン,ひこう,一般,,カイリュナイト,0445-00,ガブリアス,,ドラゴン,じめん,一般,,こだわりスカーフ,1018-00,ブリジュラス,,はがね,ドラゴン,一般,,オボンのみ,0655-00,マフォクシー,,ほのお,エスパー,一般,,マフォクシナイト,0778-00,ミミッキュ,ばけたすがた,ゴースト,フェアリー,一般,,ようせいのハネ,0902-00,イダイトウ,オスのすがた,みず,ゴースト,一般,,しんぴのしずく
176,2338.469,0670-05,フラエッテ,えいえんのはな,フェアリー,,一般,,フラエッテナイト,0952-00,スコヴィラン,,くさ,ほのお,一般,,たべのこし,0428-00,ミミロップ,,ノーマル,,一般,,ミミロップナイト,0571-01,ゾロアーク,ヒスイのすがた,ノーマル,ゴースト,一般,,きあいのタスキ,0902-00,イダイトウ,オスのすがた,みず,ゴースト,一般,,しんぴのしずく,0778-00,ミミッキュ,ばけたすがた,ゴースト,フェアリー,一般,,のろいのおふだ
179,2337.456,0450-00,カバルドン,,じめん,,一般,,たべのこし,0149-00,カイリュー,,ドラゴン,ひこう,一般,,カイリュナイト,1018-00,ブリジュラス,,はがね,ドラゴン,一般,,オボンのみ,0445-00,ガブリアス,,ドラゴン,じめん,一般,,こだわりスカーフ,0730-00,アシレーヌ,,みず,フェアリー,一般,,ようせいのハネ,0094-00,ゲンガー,,ゴースト,どく,一般,,ゲンガナイト
180,2337.417,0670-05,フラエッテ,えいえんのはな,フェアリー,,一般,,フラエッテナイト,0121-00,スターミー,,みず,エスパー,一般,,スターミナイト,0503-01,ダイケンキ,ヒスイのすがた,みず,あく,一般,,くろいメガネ,0450-00,カバルドン,,じめん,,一般,,たべのこし,1018-00,ブリジュラス,,はがね,ドラゴン,一般,,りゅうのキバ,0637-00,ウルガモス,,むし,ほのお,一般,,きあいのタスキ
184,2337.277,0003-00,フシギバナ,,くさ,どく,一般,,フシギバナイト,0036-00,ピクシー,,フェアリー,,一般,,ピクシナイト,0823-00,アーマーガア,,ひこう,はがね,一般,,たべのこし,0445-00,ガブリアス,,ドラゴン,じめん,一般,,こだわりスカーフ,0503-01,ダイケンキ,ヒスイのすがた,みず,あく,一般,,くろいメガネ,0911-00,ラウドボーン,,ほのお,ゴースト,一般,,オボンのみ
186,2337.143,0952-00,スコヴィラン,,くさ,ほのお,一般,,スコヴィラナイト,0571-01,ゾロアーク,ヒスイのすがた,ノーマル,ゴースト,一般,,きあいのタスキ,0778-00,ミミッキュ,ばけたすがた,ゴースト,フェアリー,一般,,のろいのおふだ,0308-00,チャーレム,,かくとう,エスパー,一般,,チャーレムナイト,0937-00,ソウブレイズ,,ほのお,ゴースト,一般,,たべのこし,1018-00,ブリジュラス,,はがね,ドラゴン,一般,,オボンのみ
187,2337.106,0952-00,スコヴィラン,,くさ,ほのお,一般,,スコヴィラナイト,0658-00,ゲッコウガ,,みず,あく,一般,,ゲッコウガナイト,0778-00,ミミッキュ,ばけたすがた,ゴースト,フェアリー,一般,,ようせいのハネ,0937-00,ソウブレイズ,,ほのお,ゴースト,一般,,きあいのタスキ,1018-00,ブリジュラス,,はがね,ドラゴン,一般,,オボンのみ,0637-00,ウルガモス,,むし,ほのお,一般,,ラムのみ
190,2336.853,0009-00,カメックス,,みず,,一般,,カメックスナイト,0212-00,ハッサム,,むし,はがね,一般,,ハッサムナイト,0900-00,バサギリ,,むし,いわ,一般,,きあいのタスキ,0038-01,キュウコン,アローラのすがた,こおり,フェアリー,一般,,とけないこおり,0445-00,ガブリアス,,ドラゴン,じめん,一般,,ラムのみ,1018-00,ブリジュラス,,はがね,ドラゴン,一般,,ピントレンズ
198,2335.636,0428-00,ミミロップ,,ノーマル,,一般,,ミミロップナイト,0006-00,リザードン,,ほのお,ひこう,一般,,リザードナイトＸ,0503-01,ダイケンキ,ヒスイのすがた,みず,あく,一般,,きあいのタスキ,0700-00,ニンフィア,,フェアリー,,一般,,たべのこし,0199-01,ヤドキング,ガラルのすがた,どく,エスパー,一般,,オボンのみ,0778-00,ミミッキュ,ばけたすがた,ゴースト,フェアリー,一般,,ラムのみ
201,2335.368,0121-00,スターミー,,みず,エスパー,一般,,スターミナイト,0428-00,ミミロップ,,ノーマル,,一般,,ミミロップナイト,0279-00,ペリッパー,,みず,ひこう,一般,,オボンのみ,1018-00,ブリジュラス,,はがね,ドラゴン,一般,,こだわりスカーフ,0902-00,イダイトウ,オスのすがた,みず,ゴースト,一般,,しんぴのしずく,0937-00,ソウブレイズ,,ほのお,ゴースト,一般,,きあいのタスキ
205,2335.216,0428-00,ミミロップ,,ノーマル,,一般,,ミミロップナイト,0970-00,キラフロル,,いわ,どく,一般,,きあいのタスキ,0902-00,イダイトウ,オスのすがた,みず,ゴースト,一般,,しんぴのしずく,0006-00,リザードン,,ほのお,ひこう,一般,,リザードナイトＹ,0038-01,キュウコン,アローラのすがた,こおり,フェアリー,一般,,こだわりスカーフ,0778-00,ミミッキュ,ばけたすがた,ゴースト,フェアリー,一般,,たべのこし
206,2335.109,0006-00,リザードン,,ほのお,ひこう,一般,,リザードナイトＹ,0450-00,カバルドン,,じめん,,一般,,オボンのみ,0094-00,ゲンガー,,ゴースト,どく,一般,,きあいのタスキ,0658-00,ゲッコウガ,,みず,あく,一般,,こだわりスカーフ,0778-00,ミミッキュ,ばけたすがた,ゴースト,フェアリー,一般,,ラムのみ,0212-00,ハッサム,,むし,はがね,一般,,ハッサムナイト
208,2334.858,0670-05,フラエッテ,えいえんのはな,フェアリー,,一般,,フラエッテナイト,0445-00,ガブリアス,,ドラゴン,じめん,一般,,きあいのタスキ,0778-00,ミミッキュ,ばけたすがた,ゴースト,フェアリー,一般,,ようせいのハネ,0212-00,ハッサム,,むし,はがね,一般,,オボンのみ,0637-00,ウルガモス,,むし,ほのお,一般,,ラムのみ,0130-00,ギャラドス,,みず,ひこう,一般,,ギャラドスナイト
212,2334.243,0006-00,リザードン,,ほのお,ひこう,一般,,リザードナイトＸ,0009-00,カメックス,,みず,,一般,,カメックスナイト,1018-00,ブリジュラス,,はがね,ドラゴン,一般,,しろいハーブ,0778-00,ミミッキュ,ばけたすがた,ゴースト,フェアリー,一般,,ようせいのハネ,0902-00,イダイトウ,オスのすがた,みず,ゴースト,一般,,のろいのおふだ,0983-00,ドドゲザン,,あく,はがね,一般,,ヨプのみ
216,2333.411,0003-00,フシギバナ,,くさ,どく,一般,,フシギバナイト,0130-00,ギャラドス,,みず,ひこう,一般,,こだわりスカーフ,1018-00,ブリジュラス,,はがね,ドラゴン,一般,,オボンのみ,0700-00,ニンフィア,,フェアリー,,一般,,たべのこし,0212-00,ハッサム,,むし,はがね,一般,,ハッサムナイト,0911-00,ラウドボーン,,ほのお,ゴースト,一般,,カシブのみ
218,2332.801,0956-00,クエスパトラ,,エスパー,,一般,,カシブのみ,0036-00,ピクシー,,フェアリー,,一般,,ピクシナイト,0428-00,ミミロップ,,ノーマル,,一般,,ミミロップナイト,0937-00,ソウブレイズ,,ほのお,ゴースト,一般,,きあいのタスキ,1018-00,ブリジュラス,,はがね,ドラゴン,一般,,しろいハーブ,0445-00,ガブリアス,,ドラゴン,じめん,一般,,ラムのみ
219,2332.754,0706-01,ヌメルゴン,ヒスイのすがた,はがね,ドラゴン,一般,,こだわりスカーフ,0036-00,ピクシー,,フェアリー,,一般,,ピクシナイト,0964-00,イルカマン,ナイーブフォルム,みず,,一般,,たべのこし,0094-00,ゲンガー,,ゴースト,どく,一般,,ゲンガナイト,0445-00,ガブリアス,,ドラゴン,じめん,一般,,きあいのタスキ,0983-00,ドドゲザン,,あく,はがね,一般,,くろいメガネ
221,2332.654,0009-00,カメックス,,みず,,一般,,カメックスナイト,0584-00,バイバニラ,,こおり,,一般,,とけないこおり,0553-00,ワルビアル,,じめん,あく,一般,,きあいのタスキ,0903-00,オオニューラ,,かくとう,どく,一般,,オボンのみ,0937-00,ソウブレイズ,,ほのお,ゴースト,一般,,シュカのみ,0983-00,ドドゲザン,,あく,はがね,一般,,くろいメガネ
224,2332.338,0154-00,メガニウム,,くさ,,一般,,メガニウムナイト,0227-00,エアームド,,はがね,ひこう,一般,,たべのこし,0248-00,バンギラス,,いわ,あく,一般,,カゴのみ,0503-01,ダイケンキ,ヒスイのすがた,みず,あく,一般,,こだわりスカーフ,0748-00,ドヒドイデ,,どく,みず,一般,,オボンのみ,0199-01,ヤドキング,ガラルのすがた,どく,エスパー,一般,,シュカのみ
227,2332.164,0666-18,ビビヨン,ファンシーなもよう,むし,ひこう,一般,,たべのこし,0658-00,ゲッコウガ,,みず,あく,一般,,ゲッコウガナイト,0956-00,クエスパトラ,,エスパー,,一般,,きあいのタスキ,0778-00,ミミッキュ,ばけたすがた,ゴースト,フェアリー,一般,,のろいのおふだ,0428-00,ミミロップ,,ノーマル,,一般,,ミミロップナイト,1018-00,ブリジュラス,,はがね,ドラゴン,一般,,オボンのみ
234,2331.684,0748-00,ドヒドイデ,,どく,みず,一般,,オボンのみ,0199-01,ヤドキング,ガラルのすがた,どく,エスパー,一般,,シュカのみ,0939-00,ハラバリー,,でんき,,一般,,たべのこし,0652-00,ブリガロン,,くさ,かくとう,一般,,ブリガロナイト,0503-01,ダイケンキ,ヒスイのすがた,みず,あく,一般,,こだわりスカーフ,0445-00,ガブリアス,,ドラゴン,じめん,一般,,ラムのみ
235,2331.658,0009-00,カメックス,,みず,,一般,,カメックスナイト,0823-00,アーマーガア,,ひこう,はがね,一般,,たべのこし,0911-00,ラウドボーン,,ほのお,ゴースト,一般,,オボンのみ,0497-00,ジャローダ,,くさ,,一般,,きあいのタスキ,0036-00,ピクシー,,フェアリー,,一般,,ピクシナイト,0983-00,ドドゲザン,,あく,はがね,一般,,くろいメガネ
241,2331.266,0445-00,ガブリアス,,ドラゴン,じめん,一般,,オボンのみ,0700-00,ニンフィア,,フェアリー,,一般,,たべのこし,0212-00,ハッサム,,むし,はがね,一般,,ハッサムナイト,0479-02,ロトム,ウォッシュロトム,でんき,みず,一般,,こだわりスカーフ,0248-00,バンギラス,,いわ,あく,一般,,バンギラスナイト,0637-00,ウルガモス,,むし,ほのお,一般,,イトケのみ
244,2331.005,0448-00,ルカリオ,,かくとう,はがね,一般,,ルカリオナイト,0450-00,カバルドン,,じめん,,一般,,オボンのみ,0130-00,ギャラドス,,みず,ひこう,一般,,たべのこし,0655-00,マフォクシー,,ほのお,エスパー,一般,,マフォクシナイト,0778-00,ミミッキュ,ばけたすがた,ゴースト,フェアリー,一般,,のろいのおふだ,1018-00,ブリジュラス,,はがね,ドラゴン,一般,,りゅうのキバ
251,2330.373,0036-00,ピクシー,,フェアリー,,一般,,ピクシナイト,0428-00,ミミロップ,,ノーマル,,一般,,ミミロップナイト,0937-00,ソウブレイズ,,ほのお,ゴースト,一般,,きあいのタスキ,0445-00,ガブリアス,,ドラゴン,じめん,一般,,オボンのみ,0902-00,イダイトウ,オスのすがた,みず,ゴースト,一般,,のろいのおふだ,0823-00,アーマーガア,,ひこう,はがね,一般,,たべのこし
258,2329.917,0445-00,ガブリアス,,ドラゴン,じめん,一般,,オボンのみ,0212-00,ハッサム,,むし,はがね,一般,,ハッサムナイト,0658-00,ゲッコウガ,,みず,あく,一般,,ゲッコウガナイト,0908-00,マスカーニャ,,くさ,あく,一般,,じしゃく,0970-00,キラフロル,,いわ,どく,一般,,きあいのタスキ,0778-00,ミミッキュ,ばけたすがた,ゴースト,フェアリー,一般,,ラムのみ
261,2329.723,0149-00,カイリュー,,ドラゴン,ひこう,一般,,カイリュナイト,0681-00,ギルガルド,シールドフォルム,はがね,ゴースト,一般,,たべのこし,0903-00,オオニューラ,,かくとう,どく,一般,,シュカのみ,0154-00,メガニウム,,くさ,,一般,,メガニウムナイト,0450-00,カバルドン,,じめん,,一般,,オボンのみ,0503-01,ダイケンキ,ヒスイのすがた,みず,あく,一般,,こだわりスカーフ
268,2328.826,0903-00,オオニューラ,,かくとう,どく,一般,,オボンのみ,0547-00,エルフーン,,くさ,フェアリー,一般,,きあいのタスキ,0009-00,カメックス,,みず,,一般,,カメックスナイト,1018-00,ブリジュラス,,はがね,ドラゴン,一般,,メタルコート,0666-18,ビビヨン,ファンシーなもよう,むし,ひこう,一般,,たべのこし,0902-00,イダイトウ,オスのすがた,みず,ゴースト,一般,,こだわりスカーフ
269,2328.641,0450-00,カバルドン,,じめん,,一般,,たべのこし,0445-00,ガブリアス,,ドラゴン,じめん,一般,,ラムのみ,0479-02,ロトム,ウォッシュロトム,でんき,みず,一般,,オボンのみ,0212-00,ハッサム,,むし,はがね,一般,,ハッサムナイト,0635-00,サザンドラ,,あく,ドラゴン,一般,,こだわりスカーフ,0670-05,フラエッテ,えいえんのはな,フェアリー,,一般,,フラエッテナイト
271,2328.482,0670-05,フラエッテ,えいえんのはな,フェアリー,,一般,,フラエッテナイト,0658-00,ゲッコウガ,,みず,あく,一般,,ゲッコウガナイト,0911-00,ラウドボーン,,ほのお,ゴースト,一般,,たべのこし,0479-02,ロトム,ウォッシュロトム,でんき,みず,一般,,こだわりスカーフ,0445-00,ガブリアス,,ドラゴン,じめん,一般,,オボンのみ,0681-00,ギルガルド,シールドフォルム,はがね,ゴースト,一般,,のろいのおふだ
272,2328.462,0445-00,ガブリアス,,ドラゴン,じめん,一般,,こだわりスカーフ,0730-00,アシレーヌ,,みず,フェアリー,一般,,しんぴのしずく,0655-00,マフォクシー,,ほのお,エスパー,一般,,マフォクシナイト,0003-00,フシギバナ,,くさ,どく,一般,,フシギバナイト,0903-00,オオニューラ,,かくとう,どく,一般,,オボンのみ,1018-00,ブリジュラス,,はがね,ドラゴン,一般,,たべのこし
276,2328.132,0006-00,リザードン,,ほのお,ひこう,一般,,リザードナイトＸ,0445-00,ガブリアス,,ドラゴン,じめん,一般,,きあいのタスキ,0823-00,アーマーガア,,ひこう,はがね,一般,,たべのこし,0670-05,フラエッテ,えいえんのはな,フェアリー,,一般,,フラエッテナイト,0902-00,イダイトウ,オスのすがた,みず,ゴースト,一般,,しんぴのしずく,0983-00,ドドゲザン,,あく,はがね,一般,,くろいメガネ
278,2328.065,0956-00,クエスパトラ,,エスパー,,一般,,きあいのタスキ,0658-00,ゲッコウガ,,みず,あく,一般,,ゲッコウガナイト,0778-00,ミミッキュ,ばけたすがた,ゴースト,フェアリー,一般,,のろいのおふだ,0666-18,ビビヨン,ファンシーなもよう,むし,ひこう,一般,,たべのこし,0428-00,ミミロップ,,ノーマル,,一般,,ミミロップナイト,1018-00,ブリジュラス,,はがね,ドラゴン,一般,,オボンのみ
280,2327.596,0279-00,ペリッパー,,みず,ひこう,一般,,オボンのみ,1018-00,ブリジュラス,,はがね,ドラゴン,一般,,たべのこし,0670-05,フラエッテ,えいえんのはな,フェアリー,,一般,,フラエッテナイト,0115-00,ガルーラ,,ノーマル,,一般,,ガルーラナイト,0445-00,ガブリアス,,ドラゴン,じめん,一般,,こだわりスカーフ,0681-00,ギルガルド,シールドフォルム,はがね,ゴースト,一般,,ラムのみ
282,2327.499,0655-00,マフォクシー,,ほのお,エスパー,一般,,マフォクシナイト,0134-00,シャワーズ,,みず,,一般,,たべのこし,0908-00,マスカーニャ,,くさ,あく,一般,,こだわりスカーフ,0660-00,ホルード,,ノーマル,じめん,一般,,きあいのタスキ,0970-00,キラフロル,,いわ,どく,一般,,キラフロルナイト,0968-00,ミミズズ,,はがね,,一般,,オボンのみ
283,2327.456,0282-00,サーナイト,,エスパー,フェアリー,一般,,サーナイトナイト,0952-00,スコヴィラン,,くさ,ほのお,一般,,たべのこし,0983-00,ドドゲザン,,あく,はがね,一般,,きあいのタスキ,0009-00,カメックス,,みず,,一般,,カメックスナイト,0778-00,ミミッキュ,ばけたすがた,ゴースト,フェアリー,一般,,ようせいのハネ,0902-00,イダイトウ,オスのすがた,みず,ゴースト,一般,,のろいのおふだ
284,2327.261,0130-00,ギャラドス,,みず,ひこう,一般,,ギャラドスナイト,0635-00,サザンドラ,,あく,ドラゴン,一般,,こだわりスカーフ,0937-00,ソウブレイズ,,ほのお,ゴースト,一般,,のろいのおふだ,0227-00,エアームド,,はがね,ひこう,一般,,たべのこし,0530-00,ドリュウズ,,じめん,はがね,一般,,オボンのみ,0154-00,メガニウム,,くさ,,一般,,メガニウムナイト
287,2327.101,0227-00,エアームド,,はがね,ひこう,一般,,オボンのみ,0445-00,ガブリアス,,ドラゴン,じめん,一般,,こだわりスカーフ,0670-05,フラエッテ,えいえんのはな,フェアリー,,一般,,フラエッテナイト,0655-00,マフォクシー,,ほのお,エスパー,一般,,マフォクシナイト,0908-00,マスカーニャ,,くさ,あく,一般,,きあいのタスキ,1018-00,ブリジュラス,,はがね,ドラゴン,一般,,たべのこし
288,2326.760,0282-00,サーナイト,,エスパー,フェアリー,一般,,サーナイトナイト,0968-00,ミミズズ,,はがね,,一般,,オボンのみ,0937-00,ソウブレイズ,,ほのお,ゴースト,一般,,きあいのタスキ,0658-00,ゲッコウガ,,みず,あく,一般,,ゲッコウガナイト,0547-00,エルフーン,,くさ,フェアリー,一般,,たべのこし,0902-00,イダイトウ,オスのすがた,みず,ゴースト,一般,,こだわりスカーフ
292,2325.964,0670-05,フラエッテ,えいえんのはな,フェアリー,,一般,,フラエッテナイト,0130-00,ギャラドス,,みず,ひこう,一般,,ギャラドスナイト,0681-00,ギルガルド,シールドフォルム,はがね,ゴースト,一般,,のろいのおふだ,1018-00,ブリジュラス,,はがね,ドラゴン,一般,,オボンのみ,0445-00,ガブリアス,,ドラゴン,じめん,一般,,こだわりスカーフ,0970-00,キラフロル,,いわ,どく,一般,,たべのこし
298,2325.228,0392-00,ゴウカザル,,ほのお,かくとう,一般,,きあいのタスキ,0389-00,ドダイトス,,くさ,じめん,一般,,しろいハーブ,0395-00,エンペルト,,みず,はがね,一般,,たべのこし,0428-00,ミミロップ,,ノーマル,,一般,,ミミロップナイト,0036-00,ピクシー,,フェアリー,,一般,,ピクシナイト,0956-00,クエスパトラ,,エスパー,,一般,,オボンのみ
301,2324.657,0428-00,ミミロップ,,ノーマル,,一般,,ミミロップナイト,1018-00,ブリジュラス,,はがね,ドラゴン,一般,,オボンのみ,0911-00,ラウドボーン,,ほのお,ゴースト,一般,,たべのこし,0445-00,ガブリアス,,ドラゴン,じめん,一般,,ハバンのみ,0658-00,ゲッコウガ,,みず,あく,一般,,きあいのタスキ,0009-00,カメックス,,みず,,一般,,カメックスナイト
305,2324.155,0071-00,ウツボット,,くさ,どく,一般,,ウツボットナイト,0450-00,カバルドン,,じめん,,一般,,オボンのみ,0983-00,ドドゲザン,,あく,はがね,一般,,くろいメガネ,1018-00,ブリジュラス,,はがね,ドラゴン,一般,,たべのこし,0655-00,マフォクシー,,ほのお,エスパー,一般,,マフォクシナイト,0908-00,マスカーニャ,,くさ,あく,一般,,きあいのタスキ
306,2323.987,0149-00,カイリュー,,ドラゴン,ひこう,一般,,カイリュナイト,0450-00,カバルドン,,じめん,,一般,,ラムのみ,0681-00,ギルガルド,シールドフォルム,はがね,ゴースト,一般,,たべのこし,0908-00,マスカーニャ,,くさ,あく,一般,,こだわりスカーフ,0748-00,ドヒドイデ,,どく,みず,一般,,オボンのみ,0080-00,ヤドラン,,みず,エスパー,一般,,ヤドランナイト
309,2322.641,0009-00,カメックス,,みず,,一般,,カメックスナイト,0445-00,ガブリアス,,ドラゴン,じめん,一般,,きあいのタスキ,0450-00,カバルドン,,じめん,,一般,,たべのこし,0823-00,アーマーガア,,ひこう,はがね,一般,,オボンのみ,1018-00,ブリジュラス,,はがね,ドラゴン,一般,,しろいハーブ,0428-00,ミミロップ,,ノーマル,,一般,,ミミロップナイト
320,2314.923,0730-00,アシレーヌ,,みず,フェアリー,一般,,オボンのみ,0445-00,ガブリアス,,ドラゴン,じめん,一般,,こだわりスカーフ,0006-00,リザードン,,ほのお,ひこう,一般,,リザードナイトＸ,0448-00,ルカリオ,,かくとう,はがね,一般,,ルカリオナイト,0479-02,ロトム,ウォッシュロトム,でんき,みず,一般,,たべのこし,0503-01,ダイケンキ,ヒスイのすがた,みず,あく,一般,,くろいメガネ
334,2306.253,0334-00,チルタリス,,ドラゴン,ひこう,一般,,チルタリスナイト,0750-00,バンバドロ,,じめん,,一般,,たべのこし,0503-01,ダイケンキ,ヒスイのすがた,みず,あく,一般,,こだわりスカーフ,0911-00,ラウドボーン,,ほのお,ゴースト,一般,,持ち物なし,0094-00,ゲンガー,,ゴースト,どく,一般,,ゲンガナイト,0763-00,アマージョ,,くさ,,一般,,オボンのみ
336,2304.401,0547-00,エルフーン,,くさ,フェアリー,一般,,たべのこし,0094-00,ゲンガー,,ゴースト,どく,一般,,ゲンガナイト,0009-00,カメックス,,みず,,一般,,カメックスナイト,0450-00,カバルドン,,じめん,,一般,,イトケのみ,0635-00,サザンドラ,,あく,ドラゴン,一般,,こだわりスカーフ,0212-00,ハッサム,,むし,はがね,一般,,オボンのみ
354,2291.203,0503-01,ダイケンキ,ヒスイのすがた,みず,あく,一般,,きあいのタスキ,1018-00,ブリジュラス,,はがね,ドラゴン,一般,,オボンのみ,0130-00,ギャラドス,,みず,ひこう,一般,,ギャラドスナイト,0428-00,ミミロップ,,ノーマル,,一般,,ミミロップナイト,0637-00,ウルガモス,,むし,ほのお,一般,,ラムのみ,0823-00,アーマーガア,,ひこう,はがね,一般,,たべのこし
373,2276.129,0655-00,マフォクシー,,ほのお,エスパー,一般,,マフォクシナイト,0730-00,アシレーヌ,,みず,フェアリー,一般,,たべのこし,0445-00,ガブリアス,,ドラゴン,じめん,一般,,ラムのみ,1018-00,ブリジュラス,,はがね,ドラゴン,一般,,ヨプのみ,0908-00,マスカーニャ,,くさ,あく,一般,,きあいのタスキ,0903-00,オオニューラ,,かくとう,どく,一般,,オボンのみ
384,2272.474,0450-00,カバルドン,,じめん,,一般,,オボンのみ,0970-00,キラフロル,,いわ,どく,一般,,キラフロルナイト,0635-00,サザンドラ,,あく,ドラゴン,一般,,こだわりスカーフ,0681-00,ギルガルド,シールドフォルム,はがね,ゴースト,一般,,たべのこし,0154-00,メガニウム,,くさ,,一般,,メガニウムナイト,0445-00,ガブリアス,,ドラゴン,じめん,一般,,ハバンのみ
402,2262.908,0094-00,ゲンガー,,ゴースト,どく,一般,,ゲンガナイト,0445-00,ガブリアス,,ドラゴン,じめん,一般,,ラムのみ,0197-00,ブラッキー,,あく,,一般,,オボンのみ,0080-00,ヤドラン,,みず,エスパー,一般,,カゴのみ,0670-05,フラエッテ,えいえんのはな,フェアリー,,一般,,フラエッテナイト,0681-00,ギルガルド,シールドフォルム,はがね,ゴースト,一般,,たべのこし
411,2260.048,0227-00,エアームド,,はがね,ひこう,一般,,エアームドナイト,0306-00,ボスゴドラ,,はがね,いわ,一般,,ボスゴドラナイト,0681-00,ギルガルド,シールドフォルム,はがね,ゴースト,一般,,きあいのタスキ,0707-00,クレッフィ,,はがね,フェアリー,一般,,たべのこし,0983-00,ドドゲザン,,あく,はがね,一般,,オッカのみ,1018-00,ブリジュラス,,はがね,ドラゴン,一般,,しろいハーブ
419,2257.996,0902-00,イダイトウ,オスのすがた,みず,ゴースト,一般,,こだわりスカーフ,0094-00,ゲンガー,,ゴースト,どく,一般,,ゲンガナイト,0445-00,ガブリアス,,ドラゴン,じめん,一般,,きあいのタスキ,0197-00,ブラッキー,,あく,,一般,,たべのこし,0730-00,アシレーヌ,,みず,フェアリー,一般,,オボンのみ,0212-00,ハッサム,,むし,はがね,一般,,ハッサムナイト
424,2257.393,0428-00,ミミロップ,,ノーマル,,一般,,ミミロップナイト,0445-00,ガブリアス,,ドラゴン,じめん,一般,,ハバンのみ,0350-00,ミロカロス,,みず,,一般,,たべのこし,0199-01,ヤドキング,ガラルのすがた,どく,エスパー,一般,,シュカのみ,0302-00,ヤミラミ,,あく,ゴースト,一般,,ヤミラミナイト,0132-00,メタモン,,ノーマル,,一般,,こだわりスカーフ
428,2256.670,0036-00,ピクシー,,フェアリー,,一般,,ピクシナイト,0911-00,ラウドボーン,,ほのお,ゴースト,一般,,たべのこし,0823-00,アーマーガア,,ひこう,はがね,一般,,オボンのみ,0445-00,ガブリアス,,ドラゴン,じめん,一般,,きあいのタスキ,0658-00,ゲッコウガ,,みず,あく,一般,,ゲッコウガナイト,0130-00,ギャラドス,,みず,ひこう,一般,,カゴのみ
429,2256.624,0752-00,オニシズクモ,,みず,むし,一般,,オボンのみ,0006-00,リザードン,,ほのお,ひこう,一般,,リザードナイトＸ,0902-00,イダイトウ,オスのすがた,みず,ゴースト,一般,,のろいのおふだ,0445-00,ガブリアス,,ドラゴン,じめん,一般,,きあいのタスキ,0670-05,フラエッテ,えいえんのはな,フェアリー,,一般,,フラエッテナイト,1018-00,ブリジュラス,,はがね,ドラゴン,一般,,たべのこし
440,2255.012,0121-00,スターミー,,みず,エスパー,一般,,スターミナイト,0823-00,アーマーガア,,ひこう,はがね,一般,,オボンのみ,0939-00,ハラバリー,,でんき,,一般,,たべのこし,0970-00,キラフロル,,いわ,どく,一般,,キラフロルナイト,0445-00,ガブリアス,,ドラゴン,じめん,一般,,きあいのタスキ,0908-00,マスカーニャ,,くさ,あく,一般,,こだわりスカーフ
462,2249.332,0956-00,クエスパトラ,,エスパー,,一般,,オボンのみ,0823-00,アーマーガア,,ひこう,はがね,一般,,ひかりのこな,0658-00,ゲッコウガ,,みず,あく,一般,,でんきだま,0036-00,ピクシー,,フェアリー,,一般,,ピクシナイト,0727-00,ガオガエン,,ほのお,あく,一般,,カゴのみ,0952-00,スコヴィラン,,くさ,ほのお,一般,,たべのこし
466,2248.928,0009-00,カメックス,,みず,,一般,,カメックスナイト,0968-00,ミミズズ,,はがね,,一般,,オボンのみ,1018-00,ブリジュラス,,はがね,ドラゴン,一般,,しろいハーブ,0970-00,キラフロル,,いわ,どく,一般,,キラフロルナイト,0681-00,ギルガルド,シールドフォルム,はがね,ゴースト,一般,,きあいのタスキ,0952-00,スコヴィラン,,くさ,ほのお,一般,,たべのこし
481,2246.990,0149-00,カイリュー,,ドラゴン,ひこう,一般,,カイリュナイト,0450-00,カバルドン,,じめん,,一般,,オボンのみ,0681-00,ギルガルド,シールドフォルム,はがね,ゴースト,一般,,たべのこし,0908-00,マスカーニャ,,くさ,あく,一般,,こだわりスカーフ,0730-00,アシレーヌ,,みず,フェアリー,一般,,しんぴのしずく,0428-00,ミミロップ,,ノーマル,,一般,,ミミロップナイト
494,2243.122,0428-00,ミミロップ,,ノーマル,,一般,,ミミロップナイト,0121-00,スターミー,,みず,エスパー,一般,,スターミナイト,1018-00,ブリジュラス,,はがね,ドラゴン,一般,,ピントレンズ,0666-18,ビビヨン,ファンシーなもよう,むし,ひこう,一般,,たべのこし,0778-00,ミミッキュ,ばけたすがた,ゴースト,フェアリー,一般,,のろいのおふだ,0445-00,ガブリアス,,ドラゴン,じめん,一般,,きあいのタスキ
498,2241.875,0450-00,カバルドン,,じめん,,一般,,オボンのみ,0530-00,ドリュウズ,,じめん,はがね,一般,,やわらかいすな,0130-00,ギャラドス,,みず,ひこう,一般,,ギャラドスナイト,0154-00,メガニウム,,くさ,,一般,,メガニウムナイト,0681-00,ギルガルド,シールドフォルム,はがね,ゴースト,一般,,たべのこし,0908-00,マスカーニャ,,くさ,あく,一般,,こだわりスカーフ
519,2235.000,0823-00,アーマーガア,,ひこう,はがね,一般,,たべのこし,0009-00,カメックス,,みず,,一般,,カメックスナイト,1018-00,ブリジュラス,,はがね,ドラゴン,一般,,オボンのみ,0908-00,マスカーニャ,,くさ,あく,一般,,こだわりスカーフ,0094-00,ゲンガー,,ゴースト,どく,一般,,ゲンガナイト,0445-00,ガブリアス,,ドラゴン,じめん,一般,,きあいのタスキ
554,2230.000,0900-00,バサギリ,,むし,いわ,一般,,きあいのタスキ,0655-00,マフォクシー,,ほのお,エスパー,一般,,マフォクシナイト,0983-00,ドドゲザン,,あく,はがね,一般,,くろいメガネ,0003-00,フシギバナ,,くさ,どく,一般,,フシギバナイト,1018-00,ブリジュラス,,はがね,ドラゴン,一般,,ピントレンズ,0887-00,ドラパルト,,ドラゴン,ゴースト,一般,,
560,2228.052,0503-01,ダイケンキ,ヒスイのすがた,みず,あく,一般,,くろいメガネ,0970-00,キラフロル,,いわ,どく,一般,,キラフロルナイト,0547-00,エルフーン,,くさ,フェアリー,一般,,きあいのタスキ,0121-00,スターミー,,みず,エスパー,一般,,スターミナイト,0823-00,アーマーガア,,ひこう,はがね,一般,,オボンのみ,0939-00,ハラバリー,,でんき,,一般,,たべのこし
566,2227.399,0428-00,ミミロップ,,ノーマル,,一般,,ミミロップナイト,0902-00,イダイトウ,オスのすがた,みず,ゴースト,一般,,しんぴのしずく,1018-00,ブリジュラス,,はがね,ドラゴン,一般,,りゅうのキバ,0637-00,ウルガモス,,むし,ほのお,一般,,オボンのみ,0730-00,アシレーヌ,,みず,フェアリー,一般,,カゴのみ,0212-00,ハッサム,,むし,はがね,一般,,ハッサムナイト
576,2225.799,0006-00,リザードン,,ほのお,ひこう,一般,,リザードナイトＹ,0445-00,ガブリアス,,ドラゴン,じめん,一般,,きあいのタスキ,0635-00,サザンドラ,,あく,ドラゴン,一般,,ラムのみ,0121-00,スターミー,,みず,エスパー,一般,,スターミナイト,0823-00,アーマーガア,,ひこう,はがね,一般,,オボンのみ,0939-00,ハラバリー,,でんき,,一般,,たべのこし
577,2225.722,0154-00,メガニウム,,くさ,,一般,,メガニウムナイト,0503-01,ダイケンキ,ヒスイのすがた,みず,あく,一般,,くろいメガネ,0445-00,ガブリアス,,ドラゴン,じめん,一般,,こだわりスカーフ,0681-00,ギルガルド,シールドフォルム,はがね,ゴースト,一般,,シュカのみ,0748-00,ドヒドイデ,,どく,みず,一般,,持ち物なし,0199-01,ヤドキング,ガラルのすがた,どく,エスパー,一般,,たべのこし
595,2222.157,0902-00,イダイトウ,オスのすがた,みず,ゴースト,一般,,きあいのタスキ,0445-00,ガブリアス,,ドラゴン,じめん,一般,,たべのこし,1018-00,ブリジュラス,,はがね,ドラゴン,一般,,オボンのみ,0778-00,ミミッキュ,ばけたすがた,ゴースト,フェアリー,一般,,ようせいのハネ,0009-00,カメックス,,みず,,一般,,カメックスナイト,0428-00,ミミロップ,,ノーマル,,一般,,ミミロップナイト
602,2221.641,0006-00,リザードン,,ほのお,ひこう,一般,,リザードナイトＸ,0450-00,カバルドン,,じめん,,一般,,たべのこし,1018-00,ブリジュラス,,はがね,ドラゴン,一般,,しろいハーブ,0778-00,ミミッキュ,ばけたすがた,ゴースト,フェアリー,一般,,こだわりスカーフ,0143-00,カビゴン,,ノーマル,,一般,,オボンのみ,0478-00,ユキメノコ,,こおり,ゴースト,一般,,ユキメノコナイト
610,2220.427,0445-00,ガブリアス,,ドラゴン,じめん,一般,,ラムのみ,0655-00,マフォクシー,,ほのお,エスパー,一般,,マフォクシナイト,1018-00,ブリジュラス,,はがね,ドラゴン,一般,,オボンのみ,0730-00,アシレーヌ,,みず,フェアリー,一般,,カゴのみ,0908-00,マスカーニャ,,くさ,あく,一般,,こだわりスカーフ,0212-00,ハッサム,,むし,はがね,一般,,ハッサムナイト
632,2218.483,0903-00,オオニューラ,,かくとう,どく,一般,,くろおび,0478-00,ユキメノコ,,こおり,ゴースト,一般,,ユキメノコナイト,0445-00,ガブリアス,,ドラゴン,じめん,一般,,こだわりスカーフ,0637-00,ウルガモス,,むし,ほのお,一般,,オボンのみ,0503-01,ダイケンキ,ヒスイのすがた,みず,あく,一般,,くろいメガネ,0823-00,アーマーガア,,ひこう,はがね,一般,,たべのこし
637,2217.816,0127-00,カイロス,,むし,,一般,,カイロスナイト,0428-00,ミミロップ,,ノーマル,,一般,,ミミロップナイト,0445-00,ガブリアス,,ドラゴン,じめん,一般,,こだわりスカーフ,0823-00,アーマーガア,,ひこう,はがね,一般,,たべのこし,0902-00,イダイトウ,オスのすがた,みず,ゴースト,一般,,きあいのタスキ,1018-00,ブリジュラス,,はがね,ドラゴン,一般,,オボンのみ
644,2217.379,0428-00,ミミロップ,,ノーマル,,一般,,ミミロップナイト,0670-05,フラエッテ,えいえんのはな,フェアリー,,一般,,こだわりスカーフ,0902-00,イダイトウ,オスのすがた,みず,ゴースト,一般,,のろいのおふだ,0036-00,ピクシー,,フェアリー,,一般,,ピクシナイト,0637-00,ウルガモス,,むし,ほのお,一般,,きあいのタスキ,0983-00,ドドゲザン,,あく,はがね,一般,,くろいメガネ
655,2216.225,0006-00,リザードン,,ほのお,ひこう,一般,,リザードナイトＹ,0197-00,ブラッキー,,あく,,一般,,たべのこし,0003-00,フシギバナ,,くさ,どく,一般,,フシギバナイト,0534-00,ローブシン,,かくとう,,一般,,くろおび,1018-00,ブリジュラス,,はがね,ドラゴン,一般,,オボンのみ,0445-00,ガブリアス,,ドラゴン,じめん,一般,,こだわりスカーフ
673,2214.000,0701-00,ルチャブル,,かくとう,ひこう,一般,,オボンのみ,0130-00,ギャラドス,,みず,ひこう,一般,,ギャラドスナイト,0448-00,ルカリオ,,かくとう,はがね,一般,,ルカリオナイト,0445-00,ガブリアス,,ドラゴン,じめん,一般,,きあいのタスキ,1018-00,ブリジュラス,,はがね,ドラゴン,一般,,たべのこし,0730-00,アシレーヌ,,みず,フェアリー,一般,,しんぴのしずく
674,2214.242,0428-00,ミミロップ,,ノーマル,,一般,,ミミロップナイト,0199-01,ヤドキング,ガラルのすがた,どく,エスパー,一般,,オボンのみ,0700-00,ニンフィア,,フェアリー,,一般,,たべのこし,0149-00,カイリュー,,ドラゴン,ひこう,一般,,カイリュナイト,0902-00,イダイトウ,オスのすがた,みず,ゴースト,一般,,こだわりスカーフ,0503-01,ダイケンキ,ヒスイのすがた,みず,あく,一般,,くろいメガネ
691,2212.990,0428-00,ミミロップ,,ノーマル,,一般,,ミミロップナイト,0823-00,アーマーガア,,ひこう,はがね,一般,,たべのこし,0730-00,アシレーヌ,,みず,フェアリー,一般,,カゴのみ,0655-00,マフォクシー,,ほのお,エスパー,一般,,マフォクシナイト,1018-00,ブリジュラス,,はがね,ドラゴン,一般,,オボンのみ,0445-00,ガブリアス,,ドラゴン,じめん,一般,,きあいのタスキ
695,2212.880,0071-00,ウツボット,,くさ,どく,一般,,ウツボットナイト,0009-00,カメックス,,みず,,一般,,カメックスナイト,0428-00,ミミロップ,,ノーマル,,一般,,ミミロップナイト,0778-00,ミミッキュ,ばけたすがた,ゴースト,フェアリー,一般,,ピントレンズ,1018-00,ブリジュラス,,はがね,ドラゴン,一般,,しろいハーブ,0445-00,ガブリアス,,ドラゴン,じめん,一般,,きあいのタスキ
696,2212.877,0212-00,ハッサム,,むし,はがね,一般,,ハッサムナイト,0670-05,フラエッテ,えいえんのはな,フェアリー,,一般,,フラエッテナイト,0445-00,ガブリアス,,ドラゴン,じめん,一般,,オボンのみ,0479-02,ロトム,ウォッシュロトム,でんき,みず,一般,,カゴのみ,0902-00,イダイトウ,オスのすがた,みず,ゴースト,一般,,こだわりスカーフ,0637-00,ウルガモス,,むし,ほのお,一般,,ラムのみ
707,2212.568,0197-00,ブラッキー,,あく,,一般,,たべのこし,0445-00,ガブリアス,,ドラゴン,じめん,一般,,オボンのみ,0130-00,ギャラドス,,みず,ひこう,一般,,ギャラドスナイト,0681-00,ギルガルド,シールドフォルム,はがね,ゴースト,一般,,のろいのおふだ,0670-05,フラエッテ,えいえんのはな,フェアリー,,一般,,フラエッテナイト,0903-00,オオニューラ,,かくとう,どく,一般,,きあいのタスキ
710,2212.199,0445-00,ガブリアス,,ドラゴン,じめん,一般,,きあいのタスキ,0655-00,マフォクシー,,ほのお,エスパー,一般,,マフォクシナイト,0908-00,マスカーニャ,,くさ,あく,一般,,こだわりスカーフ,0478-00,ユキメノコ,,こおり,ゴースト,一般,,ユキメノコナイト,0748-00,ドヒドイデ,,どく,みず,一般,,持ち物なし,0730-00,アシレーヌ,,みず,フェアリー,一般,,たべのこし
715,2212.125,0094-00,ゲンガー,,ゴースト,どく,一般,,ゲンガナイト,0009-00,カメックス,,みず,,一般,,カメックスナイト,0823-00,アーマーガア,,ひこう,はがね,一般,,たべのこし,0503-01,ダイケンキ,ヒスイのすがた,みず,あく,一般,,きあいのタスキ,0983-00,ドドゲザン,,あく,はがね,一般,,くろいメガネ,0445-00,ガブリアス,,ドラゴン,じめん,一般,,こだわりスカーフ
717,2212.039,0121-00,スターミー,,みず,エスパー,一般,,スターミナイト,0823-00,アーマーガア,,ひこう,はがね,一般,,オボンのみ,0939-00,ハラバリー,,でんき,,一般,,たべのこし,0503-01,ダイケンキ,ヒスイのすがた,みず,あく,一般,,くろいメガネ,0670-05,フラエッテ,えいえんのはな,フェアリー,,一般,,こだわりスカーフ,0970-00,キラフロル,,いわ,どく,一般,,キラフロルナイト
718,2212.018,0937-00,ソウブレイズ,,ほのお,ゴースト,一般,,きあいのタスキ,0778-00,ミミッキュ,ばけたすがた,ゴースト,フェアリー,一般,,のろいのおふだ,0395-00,エンペルト,,みず,はがね,一般,,シュカのみ,0445-00,ガブリアス,,ドラゴン,じめん,一般,,オボンのみ,0227-00,エアームド,,はがね,ひこう,一般,,エアームドナイト,0009-00,カメックス,,みず,,一般,,カメックスナイト
745,2210.660,0730-00,アシレーヌ,,みず,フェアリー,一般,,ラムのみ,0655-00,マフォクシー,,ほのお,エスパー,一般,,マフォクシナイト,0908-00,マスカーニャ,,くさ,あく,一般,,こだわりスカーフ,1018-00,ブリジュラス,,はがね,ドラゴン,一般,,たべのこし,0445-00,ガブリアス,,ドラゴン,じめん,一般,,オボンのみ,0428-00,ミミロップ,,ノーマル,,一般,,ミミロップナイト
747,2210.430,0450-00,カバルドン,,じめん,,一般,,オボンのみ,0448-00,ルカリオ,,かくとう,はがね,一般,,ルカリオナイト,0149-00,カイリュー,,ドラゴン,ひこう,一般,,ラムのみ,0094-00,ゲンガー,,ゴースト,どく,一般,,きあいのタスキ,0006-00,リザードン,,ほのお,ひこう,一般,,リザードナイトＸ,0038-01,キュウコン,アローラのすがた,こおり,フェアリー,一般,,オッカのみ
752,2210.281,0197-00,ブラッキー,,あく,,一般,,たべのこし,0911-00,ラウドボーン,,ほのお,ゴースト,一般,,持ち物なし,0670-05,フラエッテ,えいえんのはな,フェアリー,,一般,,フラエッテナイト,0003-00,フシギバナ,,くさ,どく,一般,,フシギバナイト,0450-00,カバルドン,,じめん,,一般,,オボンのみ,0902-00,イダイトウ,オスのすがた,みず,ゴースト,一般,,こだわりスカーフ
761,2209.867,0065-00,フーディン,,エスパー,,一般,,フーディナイト,0248-00,バンギラス,,いわ,あく,一般,,バンギラスナイト,0038-01,キュウコン,アローラのすがた,こおり,フェアリー,一般,,オボンのみ,0823-00,アーマーガア,,ひこう,はがね,一般,,たべのこし,0652-00,ブリガロン,,くさ,かくとう,一般,,こだわりスカーフ,0009-00,カメックス,,みず,,一般,,カメックスナイト
763,2209.792,0497-00,ジャローダ,,くさ,,一般,,ビアーのみ,0952-00,スコヴィラン,,くさ,ほのお,一般,,たべのこし,0547-00,エルフーン,,くさ,フェアリー,一般,,きあいのタスキ,0003-00,フシギバナ,,くさ,どく,一般,,フシギバナイト,0389-00,ドダイトス,,くさ,じめん,一般,,オッカのみ,0908-00,マスカーニャ,,くさ,あく,一般,,こだわりスカーフ
778,2209.091,0658-00,ゲッコウガ,,みず,あく,一般,,こだわりスカーフ,0154-00,メガニウム,,くさ,,一般,,メガニウムナイト,0450-00,カバルドン,,じめん,,一般,,たべのこし,1018-00,ブリジュラス,,はがね,ドラゴン,一般,,オボンのみ,0530-00,ドリュウズ,,じめん,はがね,一般,,やわらかいすな,0970-00,キラフロル,,いわ,どく,一般,,キラフロルナイト
781,2208.867,0670-05,フラエッテ,えいえんのはな,フェアリー,,一般,,フラエッテナイト,1018-00,ブリジュラス,,はがね,ドラゴン,一般,,りゅうのキバ,0428-00,ミミロップ,,ノーマル,,一般,,ミミロップナイト,0902-00,イダイトウ,オスのすがた,みず,ゴースト,一般,,しんぴのしずく,0681-00,ギルガルド,シールドフォルム,はがね,ゴースト,一般,,きあいのタスキ,0778-00,ミミッキュ,ばけたすがた,ゴースト,フェアリー,一般,,ようせいのハネ
802,2207.556,0778-00,ミミッキュ,ばけたすがた,ゴースト,フェアリー,一般,,ようせいのハネ,0655-00,マフォクシー,,ほのお,エスパー,一般,,マフォクシナイト,0730-00,アシレーヌ,,みず,フェアリー,一般,,オボンのみ,0908-00,マスカーニャ,,くさ,あく,一般,,こだわりスカーフ,0970-00,キラフロル,,いわ,どく,一般,,きあいのタスキ,1018-00,ブリジュラス,,はがね,ドラゴン,一般,,たべのこし
806,2207.411,1018-00,ブリジュラス,,はがね,ドラゴン,一般,,オボンのみ,0094-00,ゲンガー,,ゴースト,どく,一般,,きあいのタスキ,0666-18,ビビヨン,ファンシーなもよう,むし,ひこう,一般,,たべのこし,0227-00,エアームド,,はがね,ひこう,一般,,エアームドナイト,0009-00,カメックス,,みず,,一般,,カメックスナイト,0902-00,イダイトウ,オスのすがた,みず,ゴースト,一般,,こだわりスカーフ
817,2207.071,1018-00,ブリジュラス,,はがね,ドラゴン,一般,,きあいのタスキ,0009-00,カメックス,,みず,,一般,,カメックスナイト,0903-00,オオニューラ,,かくとう,どく,一般,,オボンのみ,0902-00,イダイトウ,オスのすがた,みず,ゴースト,一般,,こだわりスカーフ,0823-00,アーマーガア,,ひこう,はがね,一般,,たべのこし,0952-00,スコヴィラン,,くさ,ほのお,一般,,スコヴィラナイト
821,2206.764,0006-00,リザードン,,ほのお,ひこう,一般,,リザードナイトＸ,0479-02,ロトム,ウォッシュロトム,でんき,みず,一般,,オボンのみ,0983-00,ドドゲザン,,あく,はがね,一般,,くろいメガネ,0068-00,カイリキー,,かくとう,,一般,,きあいのタスキ,0003-00,フシギバナ,,くさ,どく,一般,,フシギバナイト,0658-00,ゲッコウガ,,みず,あく,一般,,こだわりスカーフ
830,2206.182,0670-05,フラエッテ,えいえんのはな,フェアリー,,一般,,フラエッテナイト,0445-00,ガブリアス,,ドラゴン,じめん,一般,,こだわりスカーフ,0902-00,イダイトウ,オスのすがた,みず,ゴースト,一般,,きあいのタスキ,0006-00,リザードン,,ほのお,ひこう,一般,,リザードナイトＹ,1018-00,ブリジュラス,,はがね,ドラゴン,一般,,オボンのみ,0823-00,アーマーガア,,ひこう,はがね,一般,,たべのこし
838,2205.931,0130-00,ギャラドス,,みず,ひこう,一般,,ギャラドスナイト,0212-00,ハッサム,,むし,はがね,一般,,ハッサムナイト,0445-00,ガブリアス,,ドラゴン,じめん,一般,,きあいのタスキ,0700-00,ニンフィア,,フェアリー,,一般,,メンタルハーブ,0903-00,オオニューラ,,かくとう,どく,一般,,しろいハーブ,1018-00,ブリジュラス,,はがね,ドラゴン,一般,,シュカのみ
842,2205.800,0655-00,マフォクシー,,ほのお,エスパー,一般,,マフォクシナイト,0823-00,アーマーガア,,ひこう,はがね,一般,,たべのこし,0730-00,アシレーヌ,,みず,フェアリー,一般,,オボンのみ,0983-00,ドドゲザン,,あく,はがね,一般,,くろいメガネ,0908-00,マスカーニャ,,くさ,あく,一般,,こだわりスカーフ,0445-00,ガブリアス,,ドラゴン,じめん,一般,,きあいのタスキ
848,2205.540,0143-00,カビゴン,,ノーマル,,一般,,たべのこし,0115-00,ガルーラ,,ノーマル,,一般,,ガルーラナイト,0695-00,エレザード,,でんき,ノーマル,一般,,きあいのタスキ,0733-00,ドデカバシ,,ノーマル,ひこう,一般,,オボンのみ,0132-00,メタモン,,ノーマル,,一般,,せんせいのツメ,0428-00,ミミロップ,,ノーマル,,一般,,ミミロップナイト
857,2204.916,0197-00,ブラッキー,,あく,,一般,,たべのこし,0015-00,スピアー,,むし,どく,一般,,スピアナイト,0823-00,アーマーガア,,ひこう,はがね,一般,,オレンのみ,0730-00,アシレーヌ,,みず,フェアリー,一般,,しんぴのしずく,0939-00,ハラバリー,,でんき,,一般,,オボンのみ,0445-00,ガブリアス,,ドラゴン,じめん,一般,,こだわりスカーフ
858,2204.886,0428-00,ミミロップ,,ノーマル,,一般,,ミミロップナイト,0823-00,アーマーガア,,ひこう,はがね,一般,,たべのこし,0902-00,イダイトウ,オスのすがた,みず,ゴースト,一般,,しんぴのしずく,1018-00,ブリジュラス,,はがね,ドラゴン,一般,,オボンのみ,0908-00,マスカーニャ,,くさ,あく,一般,,こだわりスカーフ,0970-00,キラフロル,,いわ,どく,一般,,キラフロルナイト
876,2204.317,0006-00,リザードン,,ほのお,ひこう,一般,,リザードナイトＹ,0479-02,ロトム,ウォッシュロトム,でんき,みず,一般,,ラムのみ,0823-00,アーマーガア,,ひこう,はがね,一般,,たべのこし,0428-00,ミミロップ,,ノーマル,,一般,,ミミロップナイト,0902-00,イダイトウ,オスのすがた,みず,ゴースト,一般,,きあいのタスキ,0445-00,ガブリアス,,ドラゴン,じめん,一般,,こだわりスカーフ
879,2204.184,0071-00,ウツボット,,くさ,どく,一般,,ウツボットナイト,0445-00,ガブリアス,,ドラゴン,じめん,一般,,きあいのタスキ,0637-00,ウルガモス,,むし,ほのお,一般,,オボンのみ,0503-01,ダイケンキ,ヒスイのすがた,みず,あく,一般,,くろいメガネ,0038-01,キュウコン,アローラのすがた,こおり,フェアリー,一般,,こだわりスカーフ,0970-00,キラフロル,,いわ,どく,一般,,キラフロルナイト
881,2204.080,0428-00,ミミロップ,,ノーマル,,一般,,ミミロップナイト,1018-00,ブリジュラス,,はがね,ドラゴン,一般,,オボンのみ,0670-05,フラエッテ,えいえんのはな,フェアリー,,一般,,フラエッテナイト,0450-00,カバルドン,,じめん,,一般,,たべのこし,0445-00,ガブリアス,,ドラゴン,じめん,一般,,きあいのタスキ,0902-00,イダイトウ,オスのすがた,みず,ゴースト,一般,,こだわりスカーフ
885,2203.915,1018-00,ブリジュラス,,はがね,ドラゴン,一般,,オボンのみ,0450-00,カバルドン,,じめん,,一般,,たべのこし,0121-00,スターミー,,みず,エスパー,一般,,スターミナイト,0670-05,フラエッテ,えいえんのはな,フェアリー,,一般,,フラエッテナイト,0908-00,マスカーニャ,,くさ,あく,一般,,こだわりスカーフ,0094-00,ゲンガー,,ゴースト,どく,一般,,ゲンガナイト
887,2203.889,0279-00,ペリッパー,,みず,ひこう,一般,,こだわりスカーフ,0902-01,イダイトウ,メスのすがた,みず,ゴースト,一般,,しんぴのしずく,0706-01,ヌメルゴン,ヒスイのすがた,はがね,ドラゴン,一般,,たべのこし,0154-00,メガニウム,,くさ,,一般,,メガニウムナイト,0428-00,ミミロップ,,ノーマル,,一般,,ミミロップナイト,0503-01,ダイケンキ,ヒスイのすがた,みず,あく,一般,,きあいのタスキ
899,2203.444,0003-00,フシギバナ,,くさ,どく,一般,,フシギバナイト,0637-00,ウルガモス,,むし,ほのお,一般,,オボンのみ,0130-00,ギャラドス,,みず,ひこう,一般,,ギャラドスナイト,0681-00,ギルガルド,シールドフォルム,はがね,ゴースト,一般,,たべのこし,0503-01,ダイケンキ,ヒスイのすがた,みず,あく,一般,,きあいのタスキ,0903-00,オオニューラ,,かくとう,どく,一般,,しろいハーブ
902,2203.418,0094-00,ゲンガー,,ゴースト,どく,一般,,ゲンガナイト,0197-00,ブラッキー,,あく,,一般,,たべのこし,0445-00,ガブリアス,,ドラゴン,じめん,一般,,きあいのタスキ,0911-00,ラウドボーン,,ほのお,ゴースト,一般,,オボンのみ,0212-00,ハッサム,,むし,はがね,一般,,ハッサムナイト,0908-00,マスカーニャ,,くさ,あく,一般,,こだわりスカーフ
919,2202.586,0450-00,カバルドン,,じめん,,一般,,オボンのみ,0530-00,ドリュウズ,,じめん,はがね,一般,,やわらかいすな,0006-00,リザードン,,ほのお,ひこう,一般,,リザードナイトＹ,0130-00,ギャラドス,,みず,ひこう,一般,,ギャラドスナイト,0778-00,ミミッキュ,ばけたすがた,ゴースト,フェアリー,一般,,ラムのみ,1018-00,ブリジュラス,,はがね,ドラゴン,一般,,たべのこし
928,2202.019,0844-00,サダイジャ,,じめん,,一般,,きあいのタスキ,0970-00,キラフロル,,いわ,どく,一般,,キラフロルナイト,0130-00,ギャラドス,,みず,ひこう,一般,,オボンのみ,0503-01,ダイケンキ,ヒスイのすがた,みず,あく,一般,,こだわりスカーフ,0547-00,エルフーン,,くさ,フェアリー,一般,,たべのこし,0701-00,ルチャブル,,かくとう,ひこう,一般,,しろいハーブ
934,2201.468,0530-00,ドリュウズ,,じめん,はがね,一般,,やわらかいすな,0450-00,カバルドン,,じめん,,一般,,オボンのみ,0154-00,メガニウム,,くさ,,一般,,メガニウムナイト,0655-00,マフォクシー,,ほのお,エスパー,一般,,マフォクシナイト,0908-00,マスカーニャ,,くさ,あく,一般,,こだわりスカーフ,0778-00,ミミッキュ,ばけたすがた,ゴースト,フェアリー,一般,,ピントレンズ
942,2201.067,0006-00,リザードン,,ほのお,ひこう,一般,,リザードナイトＸ,0670-05,フラエッテ,えいえんのはな,フェアリー,,一般,,フラエッテナイト,0503-01,ダイケンキ,ヒスイのすがた,みず,あく,一般,,きあいのタスキ,0445-00,ガブリアス,,ドラゴン,じめん,一般,,オボンのみ,1018-00,ブリジュラス,,はがね,ドラゴン,一般,,ピントレンズ,0902-00,イダイトウ,オスのすがた,みず,ゴースト,一般,,しんぴのしずく
949,2200.788,0214-00,ヘラクロス,,むし,かくとう,一般,,ヘラクロスナイト,0248-00,バンギラス,,いわ,あく,一般,,バンギラスナイト,0130-00,ギャラドス,,みず,ひこう,一般,,ギャラドスナイト,1018-00,ブリジュラス,,はがね,ドラゴン,一般,,りゅうのキバ,0128-02,ケンタロス,パルデアのすがた・ブレイズしゅ,かくとう,ほのお,一般,,もくたん,0681-00,ギルガルド,シールドフォルム,はがね,ゴースト,一般,,のろいのおふだ
980,2198.309,0282-00,サーナイト,,エスパー,フェアリー,一般,,サーナイトナイト,0778-00,ミミッキュ,ばけたすがた,ゴースト,フェアリー,一般,,のろいのおふだ,0130-00,ギャラドス,,みず,ひこう,一般,,ラムのみ,0445-00,ガブリアス,,ドラゴン,じめん,一般,,きあいのタスキ,0637-00,ウルガモス,,むし,ほのお,一般,,オボンのみ,0681-00,ギルガルド,シールドフォルム,はがね,ゴースト,一般,,たべのこし
1003,2195.151,0445-00,ガブリアス,,ドラゴン,じめん,一般,,きあいのタスキ,0670-05,フラエッテ,えいえんのはな,フェアリー,,一般,,フラエッテナイト,0902-00,イダイトウ,オスのすがた,みず,ゴースト,一般,,しんぴのしずく,1018-00,ブリジュラス,,はがね,ドラゴン,一般,,オボンのみ,0428-00,ミミロップ,,ノーマル,,一般,,ミミロップナイト,0080-00,ヤドラン,,みず,エスパー,一般,,たべのこし
1112,2172.000,0214-00,ヘラクロス,,むし,かくとう,一般,,ヘラクロスナイト,0655-00,マフォクシー,,ほのお,エスパー,一般,,マフォクシナイト,0908-00,マスカーニャ,,くさ,あく,一般,,きあいのタスキ,0730-00,アシレーヌ,,みず,フェアリー,一般,,たべのこし,1018-00,ブリジュラス,,はがね,ドラゴン,一般,,オボンのみ,0445-00,ガブリアス,,ドラゴン,じめん,一般,,こだわりスカーフ
1198,2154.593,0214-00,ヘラクロス,,むし,かくとう,一般,,ライチュウナイトＸ,0531-00,タブンネ,,ノーマル,,一般,,ヨプのみ,0199-01,ヤドキング,ガラルのすがた,どく,エスパー,一般,,たべのこし,0902-00,イダイトウ,オスのすがた,みず,ゴースト,一般,,のろいのおふだ,0778-00,ミミッキュ,ばけたすがた,ゴースト,フェアリー,一般,,ようせいのハネ,1018-00,ブリジュラス,,はがね,ドラゴン,一般,,りゅうのキバ
1221,2152.680,0428-00,ミミロップ,,ノーマル,,一般,,ミミロップナイト,0937-00,ソウブレイズ,,ほのお,ゴースト,一般,,きあいのタスキ,0009-00,カメックス,,みず,,一般,,カメックスナイト,0635-00,サザンドラ,,あく,ドラゴン,一般,,ラムのみ,0282-00,サーナイト,,エスパー,フェアリー,一般,,ビアーのみ,0445-00,ガブリアス,,ドラゴン,じめん,一般,,ロゼルのみ
1304,2140.433,1018-00,ブリジュラス,,はがね,ドラゴン,一般,,オボンのみ,0450-00,カバルドン,,じめん,,一般,,たべのこし,0970-00,キラフロル,,いわ,どく,一般,,キラフロルナイト,0908-00,マスカーニャ,,くさ,あく,一般,,こだわりスカーフ,0130-00,ギャラドス,,みず,ひこう,一般,,ギャラドスナイト,0227-00,エアームド,,はがね,ひこう,一般,,エアームドナイト
1799,2107.027,0952-00,スコヴィラン,,くさ,ほのお,一般,,スコヴィラナイト,0009-00,カメックス,,みず,,一般,,カメックスナイト,0937-00,ソウブレイズ,,ほのお,ゴースト,一般,,きあいのタスキ,0908-00,マスカーニャ,,くさ,あく,一般,,こだわりスカーフ,0038-01,キュウコン,アローラのすがた,こおり,フェアリー,一般,,とけないこおり,0903-00,オオニューラ,,かくとう,どく,一般,,オボンのみ
1934,2103.187,0461-00,マニューラ,,あく,こおり,一般,,こだわりスカーフ,0059-01,ウインディ,ヒスイのすがた,ほのお,いわ,一般,,かたいいし,0652-00,ブリガロン,,くさ,かくとう,一般,,ブリガロナイト,0479-02,ロトム,ウォッシュロトム,でんき,みず,一般,,ラムのみ,0530-00,ドリュウズ,,じめん,はがね,一般,,オボンのみ,0700-00,ニンフィア,,フェアリー,,一般,,カゴのみ
2334,2071.840,0036-00,ピクシー,,フェアリー,,一般,,ピクシナイト,0658-00,ゲッコウガ,,みず,あく,一般,,きあいのタスキ,0445-00,ガブリアス,,ドラゴン,じめん,一般,,オボンのみ,0143-00,カビゴン,,ノーマル,,一般,,ヨプのみ,0006-00,リザードン,,ほのお,ひこう,一般,,リザードナイトＸ,0903-00,オオニューラ,,かくとう,どく,一般,,こだわりスカーフ
2643,2055.592,0952-00,スコヴィラン,,くさ,ほのお,一般,,たべのこし,0094-00,ゲンガー,,ゴースト,どく,一般,,きあいのタスキ,1018-00,ブリジュラス,,はがね,ドラゴン,一般,,オボンのみ,0130-00,ギャラドス,,みず,ひこう,一般,,ギャラドスナイト,0036-00,ピクシー,,フェアリー,,一般,,ピクシナイト,0132-00,メタモン,,ノーマル,,一般,,こだわりスカーフ
2710,2052.382,0282-00,サーナイト,,エスパー,フェアリー,一般,,サーナイトナイト,0130-00,ギャラドス,,みず,ひこう,一般,,ラムのみ,0428-00,ミミロップ,,ノーマル,,一般,,ミミロップナイト,0902-00,イダイトウ,オスのすがた,みず,ゴースト,一般,,きあいのタスキ,1018-00,ブリジュラス,,はがね,ドラゴン,一般,,シュカのみ,0143-00,カビゴン,,ノーマル,,一般,,ヨプのみ
3047,2038.000,0450-00,カバルドン,,じめん,,一般,,オボンのみ,0530-00,ドリュウズ,,じめん,はがね,一般,,やわらかいすな,0154-00,メガニウム,,くさ,,一般,,メガニウムナイト,0130-00,ギャラドス,,みず,ひこう,一般,,ギャラドスナイト,0059-01,ウインディ,ヒスイのすがた,ほのお,いわ,一般,,きあいのタスキ,0658-00,ゲッコウガ,,みず,あく,一般,,こだわりスカーフ
3182,2032.609,0658-00,ゲッコウガ,,みず,あく,一般,,ゲッコウガナイト,0149-00,カイリュー,,ドラゴン,ひこう,一般,,ラムのみ,0937-00,ソウブレイズ,,ほのお,ゴースト,一般,,きあいのタスキ,0003-00,フシギバナ,,くさ,どく,一般,,フシギバナイト,0983-00,ドドゲザン,,あく,はがね,一般,,オボンのみ,0730-00,アシレーヌ,,みず,フェアリー,一般,,こだわりスカーフ
3253,2029.494,0428-00,ミミロップ,,ノーマル,,一般,,ミミロップナイト,1018-00,ブリジュラス,,はがね,ドラゴン,一般,,しろいハーブ,0445-00,ガブリアス,,ドラゴン,じめん,一般,,こだわりスカーフ,0730-00,アシレーヌ,,みず,フェアリー,一般,,オボンのみ,0635-00,サザンドラ,,あく,ドラゴン,一般,,たべのこし,0006-00,リザードン,,ほのお,ひこう,一般,,リザードナイトＹ
3377,2025.438,0094-00,ゲンガー,,ゴースト,どく,一般,,ゲンガナイト,0902-00,イダイトウ,オスのすがた,みず,ゴースト,一般,,こだわりスカーフ,0282-00,サーナイト,,エスパー,フェアリー,一般,,サーナイトナイト,0227-00,エアームド,,はがね,ひこう,一般,,エアームドナイト,0197-00,ブラッキー,,あく,,一般,,たべのこし,0445-00,ガブリアス,,ドラゴン,じめん,一般,,きあいのタスキ
3466,2022.818,0143-00,カビゴン,,ノーマル,,一般,,たべのこし,0748-00,ドヒドイデ,,どく,みず,一般,,持ち物なし,0199-01,ヤドキング,ガラルのすがた,どく,エスパー,一般,,オボンのみ,0227-00,エアームド,,はがね,ひこう,一般,,ひかりのこな,0302-00,ヤミラミ,,あく,ゴースト,一般,,ヤミラミナイト,0080-00,ヤドラン,,みず,エスパー,一般,,ヤドランナイト
3689,2016.977,0652-00,ブリガロン,,くさ,かくとう,一般,,ブリガロナイト,0939-00,ハラバリー,,でんき,,一般,,たべのこし,0902-00,イダイトウ,オスのすがた,みず,ゴースト,一般,,こだわりスカーフ,0450-00,カバルドン,,じめん,,一般,,オボンのみ,0227-00,エアームド,,はがね,ひこう,一般,,エアームドナイト,0983-00,ドドゲザン,,あく,はがね,一般,,きあいのタスキ
3783,2015.492,0571-01,ゾロアーク,ヒスイのすがた,ノーマル,ゴースト,一般,,きあいのタスキ,0902-00,イダイトウ,オスのすがた,みず,ゴースト,一般,,こだわりスカーフ,0956-00,クエスパトラ,,エスパー,,一般,,ナモのみ,1018-00,ブリジュラス,,はがね,ドラゴン,一般,,たべのこし,0036-00,ピクシー,,フェアリー,,一般,,ピクシナイト,0229-00,ヘルガー,,あく,ほのお,一般,,ヘルガナイト
4200,2011.455,0655-00,マフォクシー,,ほのお,エスパー,一般,,マフォクシナイト,0983-00,ドドゲザン,,あく,はがね,一般,,くろいメガネ,0445-00,ガブリアス,,ドラゴン,じめん,一般,,こだわりスカーフ,0670-05,フラエッテ,えいえんのはな,フェアリー,,一般,,フラエッテナイト,1018-00,ブリジュラス,,はがね,ドラゴン,一般,,オボンのみ,0003-00,フシギバナ,,くさ,どく,一般,,フシギバナイト
4388,2009.929,0587-00,エモンガ,,でんき,ひこう,一般,,ラムのみ,0748-00,ドヒドイデ,,どく,みず,一般,,持ち物なし,0080-00,ヤドラン,,みず,エスパー,一般,,ヤドランナイト,0197-00,ブラッキー,,あく,,一般,,たべのこし,0199-01,ヤドキング,ガラルのすがた,どく,エスパー,一般,,オボンのみ,0652-00,ブリガロン,,くさ,かくとう,一般,,ブリガロナイト
4522,2008.730,0778-00,ミミッキュ,ばけたすがた,ゴースト,フェアリー,一般,,のろいのおふだ,0450-00,カバルドン,,じめん,,一般,,オボンのみ,0149-00,カイリュー,,ドラゴン,ひこう,一般,,カイリュナイト,0448-00,ルカリオ,,かくとう,はがね,一般,,ルカリオナイト,1018-00,ブリジュラス,,はがね,ドラゴン,一般,,こだわりスカーフ,0130-00,ギャラドス,,みず,ひこう,一般,,たべのこし
4534,2008.630,0428-00,ミミロップ,,ノーマル,,一般,,ミミロップナイト,0184-00,マリルリ,,みず,フェアリー,一般,,オボンのみ,0660-00,ホルード,,ノーマル,じめん,一般,,こだわりスカーフ,0009-00,カメックス,,みず,,一般,,カメックスナイト,0324-00,コータス,,ほのお,,一般,,ラムのみ,0389-00,ドダイトス,,くさ,じめん,一般,,きあいのタスキ
4722,2007.286,0970-00,キラフロル,,いわ,どく,一般,,キラフロルナイト,0445-00,ガブリアス,,ドラゴン,じめん,一般,,こだわりスカーフ,0503-01,ダイケンキ,ヒスイのすがた,みず,あく,一般,,きあいのタスキ,0730-00,アシレーヌ,,みず,フェアリー,一般,,オボンのみ,0823-00,アーマーガア,,ひこう,はがね,一般,,たべのこし,0212-00,ハッサム,,むし,はがね,一般,,ハッサムナイト
4747,2007.072,0748-00,ドヒドイデ,,どく,みず,一般,,メンタルハーブ,0652-00,ブリガロン,,くさ,かくとう,一般,,ブリガロナイト,0823-00,アーマーガア,,ひこう,はがね,一般,,ラムのみ,0450-00,カバルドン,,じめん,,一般,,持ち物なし,0199-01,ヤドキング,ガラルのすがた,どく,エスパー,一般,,たべのこし,0080-00,ヤドラン,,みず,エスパー,一般,,ヤドランナイト
5313,2003.031,0936-00,グレンアルマ,,ほのお,エスパー,一般,,きあいのタスキ,0282-00,サーナイト,,エスパー,フェアリー,一般,,サーナイトナイト,0956-00,クエスパトラ,,エスパー,,一般,,たべのこし,0981-00,リキキリン,,ノーマル,エスパー,一般,,オボンのみ,0475-00,エルレイド,,エスパー,かくとう,一般,,こだわりスカーフ,0080-00,ヤドラン,,みず,エスパー,一般,,ヤドランナイト
5658,2000.492,0212-00,ハッサム,,むし,はがね,一般,,メタルコート,0937-00,ソウブレイズ,,ほのお,ゴースト,一般,,きあいのタスキ,0445-00,ガブリアス,,ドラゴン,じめん,一般,,こだわりスカーフ,0038-01,キュウコン,アローラのすがた,こおり,フェアリー,一般,,ラムのみ,0009-00,カメックス,,みず,,一般,,カメックスナイト,0428-00,ミミロップ,,ノーマル,,一般,,ミミロップナイト
10178,1915.255,0547-00,エルフーン,,くさ,フェアリー,一般,,リリバのみ,0094-00,ゲンガー,,ゴースト,どく,一般,,ゲンガナイト,0115-00,ガルーラ,,ノーマル,,一般,,ガルーラナイト,0445-00,ガブリアス,,ドラゴン,じめん,一般,,きあいのタスキ,0902-00,イダイトウ,オスのすがた,みず,ゴースト,一般,,しんぴのしずく,0823-00,アーマーガア,,ひこう,はがね,一般,,たべのこし
